file,line,type,commit,author,date,time,timezone,datetime,depth,length
style.css,1,css,22fa8d39,brianzliu,2026-04-10,20:53:47,-07:00,2026-04-10T20:53:47-07:00,0,5
style.css,2,css,22fa8d39,brianzliu,2026-04-10,20:53:47,-07:00,2026-04-10T20:53:47-07:00,1,31
style.css,3,css,8242ab7c,brianzliu,2026-04-17,15:30:04,-07:00,2026-04-17T15:30:04-07:00,1,17
style.css,4,css,22fa8d39,brianzliu,2026-04-10,20:53:47,-07:00,2026-04-10T20:53:47-07:00,0,0
style.css,5,css,22fa8d39,brianzliu,2026-04-10,20:53:47,-07:00,2026-04-10T20:53:47-07:00,0,0
style.css,6,css,6e86d3ae,brianzliu,2026-04-01,23:35:49,-07:00,2026-04-01T23:35:49-07:00,0,4
style.css,7,css,22fa8d39,brianzliu,2026-04-10,20:53:47,-07:00,2026-04-10T20:53:47-07:00,1,43
style.css,8,css,22fa8d39,brianzliu,2026-04-10,20:53:47,-07:00,2026-04-10T20:53:47-07:00,4,42
style.css,9,css,22fa8d39,brianzliu,2026-04-10,20:53:47,-07:00,2026-04-10T20:53:47-07:00,3,0
style.css,10,css,22fa8d39,brianzliu,2026-04-10,20:53:47,-07:00,2026-04-10T20:53:47-07:00,1,23
style.css,11,css,22fa8d39,brianzliu,2026-04-10,20:53:47,-07:00,2026-04-10T20:53:47-07:00,1,15
style.css,12,css,22fa8d39,brianzliu,2026-04-10,20:53:47,-07:00,2026-04-10T20:53:47-07:00,1,18
style.css,13,css,22fa8d39,brianzliu,2026-04-10,20:53:47,-07:00,2026-04-10T20:53:47-07:00,1,14
style.css,14,css,22fa8d39,brianzliu,2026-04-10,20:53:47,-07:00,2026-04-10T20:53:47-07:00,1,20
style.css,15,css,22fa8d39,brianzliu,2026-04-10,20:53:47,-07:00,2026-04-10T20:53:47-07:00,0,0
style.css,16,css,22fa8d39,brianzliu,2026-04-10,20:53:47,-07:00,2026-04-10T20:53:47-07:00,0,0
style.css,17,css,22fa8d39,brianzliu,2026-04-10,20:53:47,-07:00,2026-04-10T20:53:47-07:00,0,3
style.css,18,css,22fa8d39,brianzliu,2026-04-10,20:53:47,-07:00,2026-04-10T20:53:47-07:00,1,14
style.css,19,css,22fa8d39,brianzliu,2026-04-10,20:53:47,-07:00,2026-04-10T20:53:47-07:00,1,11
style.css,20,css,22fa8d39,brianzliu,2026-04-10,20:53:47,-07:00,2026-04-10T20:53:47-07:00,1,13
style.css,21,css,22fa8d39,brianzliu,2026-04-10,20:53:47,-07:00,2026-04-10T20:53:47-07:00,0,0
style.css,22,css,22fa8d39,brianzliu,2026-04-10,20:53:47,-07:00,2026-04-10T20:53:47-07:00,0,0
style.css,23,css,22fa8d39,brianzliu,2026-04-10,20:53:47,-07:00,2026-04-10T20:53:47-07:00,0,3
style.css,24,css,22fa8d39,brianzliu,2026-04-10,20:53:47,-07:00,2026-04-10T20:53:47-07:00,1,12
style.css,25,css,22fa8d39,brianzliu,2026-04-10,20:53:47,-07:00,2026-04-10T20:53:47-07:00,1,17
style.css,26,css,22fa8d39,brianzliu,2026-04-10,20:53:47,-07:00,2026-04-10T20:53:47-07:00,1,23
style.css,27,css,22fa8d39,brianzliu,2026-04-10,20:53:47,-07:00,2026-04-10T20:53:47-07:00,1,25
style.css,28,css,8242ab7c,brianzliu,2026-04-17,15:30:04,-07:00,2026-04-17T15:30:04-07:00,0,0
style.css,29,css,8242ab7c,brianzliu,2026-04-17,15:30:04,-07:00,2026-04-17T15:30:04-07:00,1,39
style.css,30,css,8242ab7c,brianzliu,2026-04-17,15:30:04,-07:00,2026-04-17T15:30:04-07:00,1,39
style.css,31,css,22fa8d39,brianzliu,2026-04-10,20:53:47,-07:00,2026-04-10T20:53:47-07:00,0,0
style.css,32,css,22fa8d39,brianzliu,2026-04-10,20:53:47,-07:00,2026-04-10T20:53:47-07:00,0,0
style.css,33,css,22fa8d39,brianzliu,2026-04-10,20:53:47,-07:00,2026-04-10T20:53:47-07:00,0,0
style.css,34,css,22fa8d39,brianzliu,2026-04-10,20:53:47,-07:00,2026-04-10T20:53:47-07:00,0,5
style.css,35,css,22fa8d39,brianzliu,2026-04-10,20:53:47,-07:00,2026-04-10T20:53:47-07:00,1,6
style.css,36,css,22fa8d39,brianzliu,2026-04-10,20:53:47,-07:00,2026-04-10T20:53:47-07:00,1,20
style.css,37,css,22fa8d39,brianzliu,2026-04-10,20:53:47,-07:00,2026-04-10T20:53:47-07:00,1,13
style.css,38,css,22fa8d39,brianzliu,2026-04-10,20:53:47,-07:00,2026-04-10T20:53:47-07:00,1,17
style.css,39,css,22fa8d39,brianzliu,2026-04-10,20:53:47,-07:00,2026-04-10T20:53:47-07:00,1,13
style.css,40,css,8242ab7c,brianzliu,2026-04-17,15:30:04,-07:00,2026-04-17T15:30:04-07:00,1,60
style.css,41,css,8242ab7c,brianzliu,2026-04-17,15:30:04,-07:00,2026-04-17T15:30:04-07:00,1,37
style.css,42,css,22fa8d39,brianzliu,2026-04-10,20:53:47,-07:00,2026-04-10T20:53:47-07:00,0,0
style.css,43,css,22fa8d39,brianzliu,2026-04-10,20:53:47,-07:00,2026-04-10T20:53:47-07:00,0,0
style.css,44,css,22fa8d39,brianzliu,2026-04-10,20:53:47,-07:00,2026-04-10T20:53:47-07:00,0,13
style.css,45,css,8242ab7c,brianzliu,2026-04-17,15:30:04,-07:00,2026-04-17T15:30:04-07:00,1,39
style.css,46,css,22fa8d39,brianzliu,2026-04-10,20:53:47,-07:00,2026-04-10T20:53:47-07:00,1,16
style.css,47,css,22fa8d39,brianzliu,2026-04-10,20:53:47,-07:00,2026-04-10T20:53:47-07:00,0,0
style.css,48,css,22fa8d39,brianzliu,2026-04-10,20:53:47,-07:00,2026-04-10T20:53:47-07:00,0,0
style.css,49,css,22fa8d39,brianzliu,2026-04-10,20:53:47,-07:00,2026-04-10T20:53:47-07:00,0,11
style.css,50,css,8242ab7c,brianzliu,2026-04-17,15:30:04,-07:00,2026-04-17T15:30:04-07:00,1,39
style.css,51,css,8242ab7c,brianzliu,2026-04-17,15:30:04,-07:00,2026-04-17T15:30:04-07:00,1,69
style.css,52,css,22fa8d39,brianzliu,2026-04-10,20:53:47,-07:00,2026-04-10T20:53:47-07:00,0,0
style.css,53,css,22fa8d39,brianzliu,2026-04-10,20:53:47,-07:00,2026-04-10T20:53:47-07:00,0,0
style.css,54,css,22fa8d39,brianzliu,2026-04-10,20:53:47,-07:00,2026-04-10T20:53:47-07:00,0,4
style.css,55,css,22fa8d39,brianzliu,2026-04-10,20:53:47,-07:00,2026-04-10T20:53:47-07:00,1,12
style.css,56,css,22fa8d39,brianzliu,2026-04-10,20:53:47,-07:00,2026-04-10T20:53:47-07:00,1,30
style.css,57,css,22fa8d39,brianzliu,2026-04-10,20:53:47,-07:00,2026-04-10T20:53:47-07:00,1,7
style.css,58,css,22fa8d39,brianzliu,2026-04-10,20:53:47,-07:00,2026-04-10T20:53:47-07:00,1,15
style.css,59,css,22fa8d39,brianzliu,2026-04-10,20:53:47,-07:00,2026-04-10T20:53:47-07:00,1,16
style.css,60,css,22fa8d39,brianzliu,2026-04-10,20:53:47,-07:00,2026-04-10T20:53:47-07:00,0,0
style.css,61,css,22fa8d39,brianzliu,2026-04-10,20:53:47,-07:00,2026-04-10T20:53:47-07:00,0,0
style.css,62,css,22fa8d39,brianzliu,2026-04-10,20:53:47,-07:00,2026-04-10T20:53:47-07:00,0,0
style.css,63,css,22fa8d39,brianzliu,2026-04-10,20:53:47,-07:00,2026-04-10T20:53:47-07:00,0,10
style.css,64,css,22fa8d39,brianzliu,2026-04-10,20:53:47,-07:00,2026-04-10T20:53:47-07:00,1,12
style.css,65,css,22fa8d39,brianzliu,2026-04-10,20:53:47,-07:00,2026-04-10T20:53:47-07:00,1,29
style.css,66,css,22fa8d39,brianzliu,2026-04-10,20:53:47,-07:00,2026-04-10T20:53:47-07:00,1,18
style.css,67,css,22fa8d39,brianzliu,2026-04-10,20:53:47,-07:00,2026-04-10T20:53:47-07:00,0,0
style.css,68,css,22fa8d39,brianzliu,2026-04-10,20:53:47,-07:00,2026-04-10T20:53:47-07:00,0,0
style.css,69,css,22fa8d39,brianzliu,2026-04-10,20:53:47,-07:00,2026-04-10T20:53:47-07:00,0,9
style.css,70,css,8242ab7c,brianzliu,2026-04-17,15:30:04,-07:00,2026-04-17T15:30:04-07:00,0,12
style.css,71,css,8242ab7c,brianzliu,2026-04-17,15:30:04,-07:00,2026-04-17T15:30:04-07:00,0,6
style.css,72,css,22fa8d39,brianzliu,2026-04-10,20:53:47,-07:00,2026-04-10T20:53:47-07:00,1,12
style.css,73,css,22fa8d39,brianzliu,2026-04-10,20:53:47,-07:00,2026-04-10T20:53:47-07:00,0,0
style.css,74,css,22fa8d39,brianzliu,2026-04-10,20:53:47,-07:00,2026-04-10T20:53:47-07:00,0,0
style.css,75,css,22fa8d39,brianzliu,2026-04-10,20:53:47,-07:00,2026-04-10T20:53:47-07:00,0,11
style.css,76,css,22fa8d39,brianzliu,2026-04-10,20:53:47,-07:00,2026-04-10T20:53:47-07:00,1,18
style.css,77,css,22fa8d39,brianzliu,2026-04-10,20:53:47,-07:00,2026-04-10T20:53:47-07:00,1,16
style.css,78,css,22fa8d39,brianzliu,2026-04-10,20:53:47,-07:00,2026-04-10T20:53:47-07:00,1,19
style.css,79,css,22fa8d39,brianzliu,2026-04-10,20:53:47,-07:00,2026-04-10T20:53:47-07:00,1,14
style.css,80,css,22fa8d39,brianzliu,2026-04-10,20:53:47,-07:00,2026-04-10T20:53:47-07:00,0,0
style.css,81,css,22fa8d39,brianzliu,2026-04-10,20:53:47,-07:00,2026-04-10T20:53:47-07:00,0,0
style.css,82,css,22fa8d39,brianzliu,2026-04-10,20:53:47,-07:00,2026-04-10T20:53:47-07:00,0,0
style.css,83,css,22fa8d39,brianzliu,2026-04-10,20:53:47,-07:00,2026-04-10T20:53:47-07:00,0,9
style.css,84,css,22fa8d39,brianzliu,2026-04-10,20:53:47,-07:00,2026-04-10T20:53:47-07:00,1,12
style.css,85,css,22fa8d39,brianzliu,2026-04-10,20:53:47,-07:00,2026-04-10T20:53:47-07:00,1,58
style.css,86,css,22fa8d39,brianzliu,2026-04-10,20:53:47,-07:00,2026-04-10T20:53:47-07:00,1,7
style.css,87,css,22fa8d39,brianzliu,2026-04-10,20:53:47,-07:00,2026-04-10T20:53:47-07:00,0,0
style.css,88,css,22fa8d39,brianzliu,2026-04-10,20:53:47,-07:00,2026-04-10T20:53:47-07:00,0,0
style.css,89,css,22fa8d39,brianzliu,2026-04-10,20:53:47,-07:00,2026-04-10T20:53:47-07:00,0,17
style.css,90,css,22fa8d39,brianzliu,2026-04-10,20:53:47,-07:00,2026-04-10T20:53:47-07:00,1,12
style.css,91,css,22fa8d39,brianzliu,2026-04-10,20:53:47,-07:00,2026-04-10T20:53:47-07:00,1,26
style.css,92,css,22fa8d39,brianzliu,2026-04-10,20:53:47,-07:00,2026-04-10T20:53:47-07:00,1,15
style.css,93,css,22fa8d39,brianzliu,2026-04-10,20:53:47,-07:00,2026-04-10T20:53:47-07:00,1,8
style.css,94,css,22fa8d39,brianzliu,2026-04-10,20:53:47,-07:00,2026-04-10T20:53:47-07:00,0,0
style.css,95,css,22fa8d39,brianzliu,2026-04-10,20:53:47,-07:00,2026-04-10T20:53:47-07:00,0,0
style.css,96,css,22fa8d39,brianzliu,2026-04-10,20:53:47,-07:00,2026-04-10T20:53:47-07:00,0,20
style.css,97,css,22fa8d39,brianzliu,2026-04-10,20:53:47,-07:00,2026-04-10T20:53:47-07:00,1,8
style.css,98,css,85fdd084,brianzliu,2026-04-24,20:15:48,-07:00,2026-04-24T20:15:48-07:00,1,18
style.css,99,css,85fdd084,brianzliu,2026-04-24,20:15:48,-07:00,2026-04-24T20:15:48-07:00,0,0
style.css,100,css,85fdd084,brianzliu,2026-04-24,20:15:48,-07:00,2026-04-24T20:15:48-07:00,0,0
style.css,101,css,85fdd084,brianzliu,2026-04-24,20:15:48,-07:00,2026-04-24T20:15:48-07:00,0,14
style.css,102,css,85fdd084,brianzliu,2026-04-24,20:15:48,-07:00,2026-04-24T20:15:48-07:00,1,12
style.css,103,css,85fdd084,brianzliu,2026-04-24,20:15:48,-07:00,2026-04-24T20:15:48-07:00,1,7
style.css,104,css,85fdd084,brianzliu,2026-04-24,20:15:48,-07:00,2026-04-24T20:15:48-07:00,1,35
style.css,105,css,85fdd084,brianzliu,2026-04-24,20:15:48,-07:00,2026-04-24T20:15:48-07:00,1,41
style.css,106,css,85fdd084,brianzliu,2026-04-24,20:15:48,-07:00,2026-04-24T20:15:48-07:00,1,20
style.css,107,css,85fdd084,brianzliu,2026-04-24,20:15:48,-07:00,2026-04-24T20:15:48-07:00,1,15
style.css,108,css,85fdd084,brianzliu,2026-04-24,20:15:48,-07:00,2026-04-24T20:15:48-07:00,1,16
style.css,109,css,85fdd084,brianzliu,2026-04-24,20:15:48,-07:00,2026-04-24T20:15:48-07:00,0,0
style.css,110,css,85fdd084,brianzliu,2026-04-24,20:15:48,-07:00,2026-04-24T20:15:48-07:00,0,0
style.css,111,css,85fdd084,brianzliu,2026-04-24,20:15:48,-07:00,2026-04-24T20:15:48-07:00,0,20
style.css,112,css,85fdd084,brianzliu,2026-04-24,20:15:48,-07:00,2026-04-24T20:15:48-07:00,1,6
style.css,113,css,85fdd084,brianzliu,2026-04-24,20:15:48,-07:00,2026-04-24T20:15:48-07:00,1,12
style.css,114,css,85fdd084,brianzliu,2026-04-24,20:15:48,-07:00,2026-04-24T20:15:48-07:00,1,21
style.css,115,css,85fdd084,brianzliu,2026-04-24,20:15:48,-07:00,2026-04-24T20:15:48-07:00,1,18
style.css,116,css,85fdd084,brianzliu,2026-04-24,20:15:48,-07:00,2026-04-24T20:15:48-07:00,1,19
style.css,117,css,85fdd084,brianzliu,2026-04-24,20:15:48,-07:00,2026-04-24T20:15:48-07:00,1,17
style.css,118,css,85fdd084,brianzliu,2026-04-24,20:15:48,-07:00,2026-04-24T20:15:48-07:00,1,9
style.css,119,css,85fdd084,brianzliu,2026-04-24,20:15:48,-07:00,2026-04-24T20:15:48-07:00,1,26
style.css,120,css,85fdd084,brianzliu,2026-04-24,20:15:48,-07:00,2026-04-24T20:15:48-07:00,0,0
style.css,121,css,85fdd084,brianzliu,2026-04-24,20:15:48,-07:00,2026-04-24T20:15:48-07:00,0,0
style.css,122,css,85fdd084,brianzliu,2026-04-24,20:15:48,-07:00,2026-04-24T20:15:48-07:00,0,26
style.css,123,css,85fdd084,brianzliu,2026-04-24,20:15:48,-07:00,2026-04-24T20:15:48-07:00,1,63
style.css,124,css,85fdd084,brianzliu,2026-04-24,20:15:48,-07:00,2026-04-24T20:15:48-07:00,0,0
style.css,125,css,85fdd084,brianzliu,2026-04-24,20:15:48,-07:00,2026-04-24T20:15:48-07:00,0,0
style.css,126,css,85fdd084,brianzliu,2026-04-24,20:15:48,-07:00,2026-04-24T20:15:48-07:00,0,26
style.css,127,css,85fdd084,brianzliu,2026-04-24,20:15:48,-07:00,2026-04-24T20:15:48-07:00,1,13
style.css,128,css,85fdd084,brianzliu,2026-04-24,20:15:48,-07:00,2026-04-24T20:15:48-07:00,1,15
style.css,129,css,85fdd084,brianzliu,2026-04-24,20:15:48,-07:00,2026-04-24T20:15:48-07:00,1,25
style.css,130,css,85fdd084,brianzliu,2026-04-24,20:15:48,-07:00,2026-04-24T20:15:48-07:00,1,13
style.css,131,css,85fdd084,brianzliu,2026-04-24,20:15:48,-07:00,2026-04-24T20:15:48-07:00,0,0
style.css,132,css,85fdd084,brianzliu,2026-04-24,20:15:48,-07:00,2026-04-24T20:15:48-07:00,0,0
style.css,133,css,85fdd084,brianzliu,2026-04-24,20:15:48,-07:00,2026-04-24T20:15:48-07:00,0,26
style.css,134,css,85fdd084,brianzliu,2026-04-24,20:15:48,-07:00,2026-04-24T20:15:48-07:00,1,16
style.css,135,css,85fdd084,brianzliu,2026-04-24,20:15:48,-07:00,2026-04-24T20:15:48-07:00,1,11
style.css,136,css,85fdd084,brianzliu,2026-04-24,20:15:48,-07:00,2026-04-24T20:15:48-07:00,1,24
style.css,137,css,85fdd084,brianzliu,2026-04-24,20:15:48,-07:00,2026-04-24T20:15:48-07:00,1,21
style.css,138,css,85fdd084,brianzliu,2026-04-24,20:15:48,-07:00,2026-04-24T20:15:48-07:00,0,0
style.css,139,css,85fdd084,brianzliu,2026-04-24,20:15:48,-07:00,2026-04-24T20:15:48-07:00,0,0
style.css,140,css,85fdd084,brianzliu,2026-04-24,20:15:48,-07:00,2026-04-24T20:15:48-07:00,0,8
style.css,141,css,85fdd084,brianzliu,2026-04-24,20:15:48,-07:00,2026-04-24T20:15:48-07:00,1,14
style.css,142,css,22fa8d39,brianzliu,2026-04-10,20:53:47,-07:00,2026-04-10T20:53:47-07:00,0,0
style.css,143,css,22fa8d39,brianzliu,2026-04-10,20:53:47,-07:00,2026-04-10T20:53:47-07:00,0,0
style.css,144,css,22fa8d39,brianzliu,2026-04-10,20:53:47,-07:00,2026-04-10T20:53:47-07:00,0,2
style.css,145,css,22fa8d39,brianzliu,2026-04-10,20:53:47,-07:00,2026-04-10T20:53:47-07:00,1,14
style.css,146,css,22fa8d39,brianzliu,2026-04-10,20:53:47,-07:00,2026-04-10T20:53:47-07:00,0,0
style.css,147,css,22fa8d39,brianzliu,2026-04-10,20:53:47,-07:00,2026-04-10T20:53:47-07:00,0,0
style.css,148,css,22fa8d39,brianzliu,2026-04-10,20:53:47,-07:00,2026-04-10T20:53:47-07:00,0,22
style.css,149,css,22fa8d39,brianzliu,2026-04-10,20:53:47,-07:00,2026-04-10T20:53:47-07:00,1,15
style.css,150,css,22fa8d39,brianzliu,2026-04-10,20:53:47,-07:00,2026-04-10T20:53:47-07:00,1,17
style.css,151,css,22fa8d39,brianzliu,2026-04-10,20:53:47,-07:00,2026-04-10T20:53:47-07:00,0,0
style.css,152,css,22fa8d39,brianzliu,2026-04-10,20:53:47,-07:00,2026-04-10T20:53:47-07:00,0,0
style.css,153,css,8242ab7c,brianzliu,2026-04-17,15:30:04,-07:00,2026-04-17T15:30:04-07:00,0,18
style.css,154,css,8242ab7c,brianzliu,2026-04-17,15:30:04,-07:00,2026-04-17T15:30:04-07:00,1,17
style.css,155,css,8242ab7c,brianzliu,2026-04-17,15:30:04,-07:00,2026-04-17T15:30:04-07:00,1,7
style.css,156,css,8242ab7c,brianzliu,2026-04-17,15:30:04,-07:00,2026-04-17T15:30:04-07:00,1,9
style.css,157,css,8242ab7c,brianzliu,2026-04-17,15:30:04,-07:00,2026-04-17T15:30:04-07:00,1,13
style.css,158,css,ea1ce0f2,brianzliu,2026-05-01,23:28:04,-07:00,2026-05-01T23:28:04-07:00,0,0
style.css,159,css,ea1ce0f2,brianzliu,2026-05-01,23:28:04,-07:00,2026-05-01T23:28:04-07:00,0,0
style.css,160,css,ea1ce0f2,brianzliu,2026-05-01,23:28:04,-07:00,2026-05-01T23:28:04-07:00,0,0
style.css,161,css,ea1ce0f2,brianzliu,2026-05-01,23:28:04,-07:00,2026-05-01T23:28:04-07:00,0,0
style.css,162,css,ea1ce0f2,brianzliu,2026-05-01,23:28:04,-07:00,2026-05-01T23:28:04-07:00,0,0
style.css,163,css,ea1ce0f2,brianzliu,2026-05-01,23:28:04,-07:00,2026-05-01T23:28:04-07:00,0,14
style.css,164,css,ea1ce0f2,brianzliu,2026-05-01,23:28:04,-07:00,2026-05-01T23:28:04-07:00,1,14
style.css,165,css,ea1ce0f2,brianzliu,2026-05-01,23:28:04,-07:00,2026-05-01T23:28:04-07:00,1,16
style.css,166,css,ea1ce0f2,brianzliu,2026-05-01,23:28:04,-07:00,2026-05-01T23:28:04-07:00,1,16
style.css,167,css,ea1ce0f2,brianzliu,2026-05-01,23:28:04,-07:00,2026-05-01T23:28:04-07:00,0,0
style.css,168,css,ea1ce0f2,brianzliu,2026-05-01,23:28:04,-07:00,2026-05-01T23:28:04-07:00,0,0
style.css,169,css,ea1ce0f2,brianzliu,2026-05-01,23:28:04,-07:00,2026-05-01T23:28:04-07:00,0,10
style.css,170,css,ea1ce0f2,brianzliu,2026-05-01,23:28:04,-07:00,2026-05-01T23:28:04-07:00,1,12
style.css,171,css,ea1ce0f2,brianzliu,2026-05-01,23:28:04,-07:00,2026-05-01T23:28:04-07:00,1,18
style.css,172,css,ea1ce0f2,brianzliu,2026-05-01,23:28:04,-07:00,2026-05-01T23:28:04-07:00,1,7
style.css,173,css,ea1ce0f2,brianzliu,2026-05-01,23:28:04,-07:00,2026-05-01T23:28:04-07:00,0,0
style.css,174,css,ea1ce0f2,brianzliu,2026-05-01,23:28:04,-07:00,2026-05-01T23:28:04-07:00,0,0
style.css,175,css,ea1ce0f2,brianzliu,2026-05-01,23:28:04,-07:00,2026-05-01T23:28:04-07:00,0,7
style.css,176,css,ea1ce0f2,brianzliu,2026-05-01,23:28:04,-07:00,2026-05-01T23:28:04-07:00,1,6
style.css,177,css,ea1ce0f2,brianzliu,2026-05-01,23:28:04,-07:00,2026-05-01T23:28:04-07:00,1,12
style.css,178,css,ea1ce0f2,brianzliu,2026-05-01,23:28:04,-07:00,2026-05-01T23:28:04-07:00,1,57
style.css,179,css,ea1ce0f2,brianzliu,2026-05-01,23:28:04,-07:00,2026-05-01T23:28:04-07:00,1,7
style.css,180,css,ea1ce0f2,brianzliu,2026-05-01,23:28:04,-07:00,2026-05-01T23:28:04-07:00,1,41
style.css,181,css,ea1ce0f2,brianzliu,2026-05-01,23:28:04,-07:00,2026-05-01T23:28:04-07:00,1,20
style.css,182,css,ea1ce0f2,brianzliu,2026-05-01,23:28:04,-07:00,2026-05-01T23:28:04-07:00,1,11
style.css,183,css,ea1ce0f2,brianzliu,2026-05-01,23:28:04,-07:00,2026-05-01T23:28:04-07:00,1,12
style.css,184,css,ea1ce0f2,brianzliu,2026-05-01,23:28:04,-07:00,2026-05-01T23:28:04-07:00,1,15
style.css,185,css,ea1ce0f2,brianzliu,2026-05-01,23:28:04,-07:00,2026-05-01T23:28:04-07:00,0,0
style.css,186,css,ea1ce0f2,brianzliu,2026-05-01,23:28:04,-07:00,2026-05-01T23:28:04-07:00,0,0
style.css,187,css,ea1ce0f2,brianzliu,2026-05-01,23:28:04,-07:00,2026-05-01T23:28:04-07:00,0,10
style.css,188,css,ea1ce0f2,brianzliu,2026-05-01,23:28:04,-07:00,2026-05-01T23:28:04-07:00,1,12
style.css,189,css,ea1ce0f2,brianzliu,2026-05-01,23:28:04,-07:00,2026-05-01T23:28:04-07:00,1,18
style.css,190,css,ea1ce0f2,brianzliu,2026-05-01,23:28:04,-07:00,2026-05-01T23:28:04-07:00,1,9
style.css,191,css,ea1ce0f2,brianzliu,2026-05-01,23:28:04,-07:00,2026-05-01T23:28:04-07:00,0,0
style.css,192,css,ea1ce0f2,brianzliu,2026-05-01,23:28:04,-07:00,2026-05-01T23:28:04-07:00,0,0
style.css,193,css,ea1ce0f2,brianzliu,2026-05-01,23:28:04,-07:00,2026-05-01T23:28:04-07:00,0,7
style.css,194,css,ea1ce0f2,brianzliu,2026-05-01,23:28:04,-07:00,2026-05-01T23:28:04-07:00,1,20
style.css,195,css,ea1ce0f2,brianzliu,2026-05-01,23:28:04,-07:00,2026-05-01T23:28:04-07:00,1,9
style.css,196,css,ea1ce0f2,brianzliu,2026-05-01,23:28:04,-07:00,2026-05-01T23:28:04-07:00,1,10
style.css,197,css,ea1ce0f2,brianzliu,2026-05-01,23:28:04,-07:00,2026-05-01T23:28:04-07:00,1,29
style.css,198,css,ea1ce0f2,brianzliu,2026-05-01,23:28:04,-07:00,2026-05-01T23:28:04-07:00,1,17
style.css,199,css,ea1ce0f2,brianzliu,2026-05-01,23:28:04,-07:00,2026-05-01T23:28:04-07:00,0,0
style.css,200,css,ea1ce0f2,brianzliu,2026-05-01,23:28:04,-07:00,2026-05-01T23:28:04-07:00,0,0
style.css,201,css,ea1ce0f2,brianzliu,2026-05-01,23:28:04,-07:00,2026-05-01T23:28:04-07:00,0,28
style.css,202,css,ea1ce0f2,brianzliu,2026-05-01,23:28:04,-07:00,2026-05-01T23:28:04-07:00,0,13
style.css,203,css,ea1ce0f2,brianzliu,2026-05-01,23:28:04,-07:00,2026-05-01T23:28:04-07:00,1,30
style.css,204,css,ea1ce0f2,brianzliu,2026-05-01,23:28:04,-07:00,2026-05-01T23:28:04-07:00,1,34
style.css,205,css,ea1ce0f2,brianzliu,2026-05-01,23:28:04,-07:00,2026-05-01T23:28:04-07:00,1,10
style.css,206,css,ea1ce0f2,brianzliu,2026-05-01,23:28:04,-07:00,2026-05-01T23:28:04-07:00,0,0
style.css,207,css,ea1ce0f2,brianzliu,2026-05-01,23:28:04,-07:00,2026-05-01T23:28:04-07:00,0,0
style.css,208,css,ea1ce0f2,brianzliu,2026-05-01,23:28:04,-07:00,2026-05-01T23:28:04-07:00,0,26
style.css,209,css,ea1ce0f2,brianzliu,2026-05-01,23:28:04,-07:00,2026-05-01T23:28:04-07:00,0,36
style.css,210,css,ea1ce0f2,brianzliu,2026-05-01,23:28:04,-07:00,2026-05-01T23:28:04-07:00,1,11
style.css,211,css,ea1ce0f2,brianzliu,2026-05-01,23:28:04,-07:00,2026-05-01T23:28:04-07:00,0,0
style.css,212,css,ea1ce0f2,brianzliu,2026-05-01,23:28:04,-07:00,2026-05-01T23:28:04-07:00,0,0
style.css,213,css,ea1ce0f2,brianzliu,2026-05-01,23:28:04,-07:00,2026-05-01T23:28:04-07:00,0,4
style.css,214,css,ea1ce0f2,brianzliu,2026-05-01,23:28:04,-07:00,2026-05-01T23:28:04-07:00,1,16
style.css,215,css,ea1ce0f2,brianzliu,2026-05-01,23:28:04,-07:00,2026-05-01T23:28:04-07:00,1,14
style.css,216,css,ea1ce0f2,brianzliu,2026-05-01,23:28:04,-07:00,2026-05-01T23:28:04-07:00,0,0
style.css,217,css,ea1ce0f2,brianzliu,2026-05-01,23:28:04,-07:00,2026-05-01T23:28:04-07:00,0,0
style.css,218,css,ea1ce0f2,brianzliu,2026-05-01,23:28:04,-07:00,2026-05-01T23:28:04-07:00,0,9
style.css,219,css,ea1ce0f2,brianzliu,2026-05-01,23:28:04,-07:00,2026-05-01T23:28:04-07:00,1,35
style.css,220,css,ea1ce0f2,brianzliu,2026-05-01,23:28:04,-07:00,2026-05-01T23:28:04-07:00,0,0
style.css,221,css,ea1ce0f2,brianzliu,2026-05-01,23:28:04,-07:00,2026-05-01T23:28:04-07:00,0,0
style.css,222,css,ea1ce0f2,brianzliu,2026-05-01,23:28:04,-07:00,2026-05-01T23:28:04-07:00,0,18
style.css,223,css,ea1ce0f2,brianzliu,2026-05-01,23:28:04,-07:00,2026-05-01T23:28:04-07:00,1,17
style.css,224,css,ea1ce0f2,brianzliu,2026-05-01,23:28:04,-07:00,2026-05-01T23:28:04-07:00,0,0
style.css,225,css,ea1ce0f2,brianzliu,2026-05-01,23:28:04,-07:00,2026-05-01T23:28:04-07:00,0,0
style.css,226,css,ea1ce0f2,brianzliu,2026-05-01,23:28:04,-07:00,2026-05-01T23:28:04-07:00,0,24
style.css,227,css,ea1ce0f2,brianzliu,2026-05-01,23:28:04,-07:00,2026-05-01T23:28:04-07:00,0,10
style.css,228,css,ea1ce0f2,brianzliu,2026-05-01,23:28:04,-07:00,2026-05-01T23:28:04-07:00,1,13
style.css,229,css,ea1ce0f2,brianzliu,2026-05-01,23:28:04,-07:00,2026-05-01T23:28:04-07:00,1,10
style.css,230,css,ea1ce0f2,brianzliu,2026-05-01,23:28:04,-07:00,2026-05-01T23:28:04-07:00,1,18
style.css,231,css,ea1ce0f2,brianzliu,2026-05-01,23:28:04,-07:00,2026-05-01T23:28:04-07:00,1,15
style.css,232,css,ea1ce0f2,brianzliu,2026-05-01,23:28:04,-07:00,2026-05-01T23:28:04-07:00,1,16
style.css,233,css,ea1ce0f2,brianzliu,2026-05-01,23:28:04,-07:00,2026-05-01T23:28:04-07:00,1,19
style.css,234,css,ea1ce0f2,brianzliu,2026-05-01,23:28:04,-07:00,2026-05-01T23:28:04-07:00,1,41
style.css,235,css,ea1ce0f2,brianzliu,2026-05-01,23:28:04,-07:00,2026-05-01T23:28:04-07:00,1,17
style.css,236,css,ea1ce0f2,brianzliu,2026-05-01,23:28:04,-07:00,2026-05-01T23:28:04-07:00,1,13
style.css,237,css,ea1ce0f2,brianzliu,2026-05-01,23:28:04,-07:00,2026-05-01T23:28:04-07:00,1,21
style.css,238,css,ea1ce0f2,brianzliu,2026-05-01,23:28:04,-07:00,2026-05-01T23:28:04-07:00,1,19
style.css,239,css,ea1ce0f2,brianzliu,2026-05-01,23:28:04,-07:00,2026-05-01T23:28:04-07:00,0,0
style.css,240,css,ea1ce0f2,brianzliu,2026-05-01,23:28:04,-07:00,2026-05-01T23:28:04-07:00,0,0
style.css,241,css,ea1ce0f2,brianzliu,2026-05-01,23:28:04,-07:00,2026-05-01T23:28:04-07:00,0,16
style.css,242,css,ea1ce0f2,brianzliu,2026-05-01,23:28:04,-07:00,2026-05-01T23:28:04-07:00,1,12
style.css,243,css,ea1ce0f2,brianzliu,2026-05-01,23:28:04,-07:00,2026-05-01T23:28:04-07:00,1,32
style.css,244,css,ea1ce0f2,brianzliu,2026-05-01,23:28:04,-07:00,2026-05-01T23:28:04-07:00,1,78
style.css,245,css,8242ab7c,brianzliu,2026-04-17,15:30:04,-07:00,2026-04-17T15:30:04-07:00,0,0
index.js,1,js,5c3c5ee2,brianzliu,2026-04-24,20:19:49,-07:00,2026-04-24T20:19:49-07:00,0,90
index.js,2,js,85fdd084,brianzliu,2026-04-24,20:15:48,-07:00,2026-04-24T20:15:48-07:00,0,0
index.js,3,js,85fdd084,brianzliu,2026-04-24,20:15:48,-07:00,2026-04-24T20:15:48-07:00,0,40
index.js,4,js,5c3c5ee2,brianzliu,2026-04-24,20:19:49,-07:00,2026-04-24T20:19:49-07:00,0,58
index.js,5,js,85fdd084,brianzliu,2026-04-24,20:15:48,-07:00,2026-04-24T20:15:48-07:00,0,42
index.js,6,js,85fdd084,brianzliu,2026-04-24,20:15:48,-07:00,2026-04-24T20:15:48-07:00,0,0
index.js,7,js,85fdd084,brianzliu,2026-04-24,20:15:48,-07:00,2026-04-24T20:15:48-07:00,0,60
index.js,8,js,85fdd084,brianzliu,2026-04-24,20:15:48,-07:00,2026-04-24T20:15:48-07:00,0,0
index.js,9,js,85fdd084,brianzliu,2026-04-24,20:15:48,-07:00,2026-04-24T20:15:48-07:00,0,54
index.js,10,js,85fdd084,brianzliu,2026-04-24,20:15:48,-07:00,2026-04-24T20:15:48-07:00,0,0
index.js,11,js,85fdd084,brianzliu,2026-04-24,20:15:48,-07:00,2026-04-24T20:15:48-07:00,0,0
index.js,12,js,85fdd084,brianzliu,2026-04-24,20:15:48,-07:00,2026-04-24T20:15:48-07:00,0,21
index.js,13,js,85fdd084,brianzliu,2026-04-24,20:15:48,-07:00,2026-04-24T20:15:48-07:00,0,60
index.js,14,js,85fdd084,brianzliu,2026-04-24,20:15:48,-07:00,2026-04-24T20:15:48-07:00,0,0
index.js,15,js,85fdd084,brianzliu,2026-04-24,20:15:48,-07:00,2026-04-24T20:15:48-07:00,0,52
index.js,16,js,85fdd084,brianzliu,2026-04-24,20:15:48,-07:00,2026-04-24T20:15:48-07:00,0,0
index.js,17,js,5c3c5ee2,brianzliu,2026-04-24,20:19:49,-07:00,2026-04-24T20:19:49-07:00,0,31
index.js,18,js,85fdd084,brianzliu,2026-04-24,20:15:48,-07:00,2026-04-24T20:15:48-07:00,2,13
index.js,19,js,85fdd084,brianzliu,2026-04-24,20:15:48,-07:00,2026-04-24T20:15:48-07:00,4,56
index.js,20,js,85fdd084,brianzliu,2026-04-24,20:15:48,-07:00,2026-04-24T20:15:48-07:00,4,56
index.js,21,js,85fdd084,brianzliu,2026-04-24,20:15:48,-07:00,2026-04-24T20:15:48-07:00,4,53
index.js,22,js,85fdd084,brianzliu,2026-04-24,20:15:48,-07:00,2026-04-24T20:15:48-07:00,4,53
index.js,23,js,85fdd084,brianzliu,2026-04-24,20:15:48,-07:00,2026-04-24T20:15:48-07:00,2,0
index.js,24,js,85fdd084,brianzliu,2026-04-24,20:15:48,-07:00,2026-04-24T20:15:48-07:00,2,39
index.js,25,js,85fdd084,brianzliu,2026-04-24,20:15:48,-07:00,2026-04-24T20:15:48-07:00,4,16
index.js,26,js,85fdd084,brianzliu,2026-04-24,20:15:48,-07:00,2026-04-24T20:15:48-07:00,6,40
index.js,27,js,85fdd084,brianzliu,2026-04-24,20:15:48,-07:00,2026-04-24T20:15:48-07:00,6,40
index.js,28,js,85fdd084,brianzliu,2026-04-24,20:15:48,-07:00,2026-04-24T20:15:48-07:00,4,4
index.js,29,js,85fdd084,brianzliu,2026-04-24,20:15:48,-07:00,2026-04-24T20:15:48-07:00,2,10
index.js,30,js,85fdd084,brianzliu,2026-04-24,20:15:48,-07:00,2026-04-24T20:15:48-07:00,0,0
index.js,31,js,85fdd084,brianzliu,2026-04-24,20:15:48,-07:00,2026-04-24T20:15:48-07:00,1,0
index.html,1,html,269e68c9,brianzliu,2026-04-01,22:34:44,-07:00,2026-04-01T22:34:44-07:00,0,13
index.html,2,html,269e68c9,brianzliu,2026-04-01,22:34:44,-07:00,2026-04-01T22:34:44-07:00,0,14
index.html,3,html,269e68c9,brianzliu,2026-04-01,22:34:44,-07:00,2026-04-01T22:34:44-07:00,0,4
index.html,4,html,269e68c9,brianzliu,2026-04-01,22:34:44,-07:00,2026-04-01T22:34:44-07:00,2,20
index.html,5,html,269e68c9,brianzliu,2026-04-01,22:34:44,-07:00,2026-04-01T22:34:44-07:00,2,68
index.html,6,html,269e68c9,brianzliu,2026-04-01,22:34:44,-07:00,2026-04-01T22:34:44-07:00,2,51
index.html,7,html,6e86d3ae,brianzliu,2026-04-01,23:35:49,-07:00,2026-04-01T23:35:49-07:00,2,38
index.html,8,html,85fdd084,brianzliu,2026-04-24,20:15:48,-07:00,2026-04-24T20:15:48-07:00,0,0
index.html,9,html,85fdd084,brianzliu,2026-04-24,20:15:48,-07:00,2026-04-24T20:15:48-07:00,2,45
index.html,10,html,85fdd084,brianzliu,2026-04-24,20:15:48,-07:00,2026-04-24T20:15:48-07:00,2,50
index.html,11,html,269e68c9,brianzliu,2026-04-01,22:34:44,-07:00,2026-04-01T22:34:44-07:00,0,5
index.html,12,html,269e68c9,brianzliu,2026-04-01,22:34:44,-07:00,2026-04-01T22:34:44-07:00,0,4
index.html,13,html,8242ab7c,brianzliu,2026-04-17,15:30:04,-07:00,2026-04-17T15:30:04-07:00,2,8
index.html,14,html,22fa8d39,brianzliu,2026-04-10,20:53:47,-07:00,2026-04-10T20:53:47-07:00,4,43
index.html,15,html,6e86d3ae,brianzliu,2026-04-01,23:35:49,-07:00,2026-04-01T23:35:49-07:00,4,40
index.html,16,html,6e86d3ae,brianzliu,2026-04-01,23:35:49,-07:00,2026-04-01T23:35:49-07:00,4,36
index.html,17,html,6e86d3ae,brianzliu,2026-04-01,23:35:49,-07:00,2026-04-01T23:35:49-07:00,4,38
index.html,18,html,6e86d3ae,brianzliu,2026-04-01,23:35:49,-07:00,2026-04-01T23:35:49-07:00,4,64
index.html,19,html,8242ab7c,brianzliu,2026-04-17,15:30:04,-07:00,2026-04-17T15:30:04-07:00,2,8
index.html,20,html,8242ab7c,brianzliu,2026-04-17,15:30:04,-07:00,2026-04-17T15:30:04-07:00,0,0
index.html,21,html,8242ab7c,brianzliu,2026-04-17,15:30:04,-07:00,2026-04-17T15:30:04-07:00,0,0
index.html,22,html,269e68c9,brianzliu,2026-04-01,22:34:44,-07:00,2026-04-01T22:34:44-07:00,2,16
index.html,23,html,6e86d3ae,brianzliu,2026-04-01,23:35:49,-07:00,2026-04-01T23:35:49-07:00,2,1
index.html,24,html,6e86d3ae,brianzliu,2026-04-01,23:35:49,-07:00,2026-04-01T23:35:49-07:00,4,69
index.html,25,html,6e86d3ae,brianzliu,2026-04-01,23:35:49,-07:00,2026-04-01T23:35:49-07:00,4,70
index.html,26,html,6e86d3ae,brianzliu,2026-04-01,23:35:49,-07:00,2026-04-01T23:35:49-07:00,4,66
index.html,27,html,6e86d3ae,brianzliu,2026-04-01,23:35:49,-07:00,2026-04-01T23:35:49-07:00,4,20
index.html,28,html,6e86d3ae,brianzliu,2026-04-01,23:35:49,-07:00,2026-04-01T23:35:49-07:00,2,2
index.html,29,html,85fdd084,brianzliu,2026-04-24,20:15:48,-07:00,2026-04-24T20:15:48-07:00,2,132
index.html,30,html,6e86d3ae,brianzliu,2026-04-01,23:35:49,-07:00,2026-04-01T23:35:49-07:00,0,0
index.html,31,html,85fdd084,brianzliu,2026-04-24,20:15:48,-07:00,2026-04-24T20:15:48-07:00,0,0
index.html,32,html,85fdd084,brianzliu,2026-04-24,20:15:48,-07:00,2026-04-24T20:15:48-07:00,2,22
index.html,33,html,85fdd084,brianzliu,2026-04-24,20:15:48,-07:00,2026-04-24T20:15:48-07:00,2,20
index.html,34,html,85fdd084,brianzliu,2026-04-24,20:15:48,-07:00,2026-04-24T20:15:48-07:00,2,49
index.html,35,html,85fdd084,brianzliu,2026-04-24,20:15:48,-07:00,2026-04-24T20:15:48-07:00,2,4
index.html,36,html,85fdd084,brianzliu,2026-04-24,20:15:48,-07:00,2026-04-24T20:15:48-07:00,0,0
index.html,37,html,85fdd084,brianzliu,2026-04-24,20:15:48,-07:00,2026-04-24T20:15:48-07:00,2,19
index.html,38,html,85fdd084,brianzliu,2026-04-24,20:15:48,-07:00,2026-04-24T20:15:48-07:00,2,22
index.html,39,html,85fdd084,brianzliu,2026-04-24,20:15:48,-07:00,2026-04-24T20:15:48-07:00,4,18
index.html,40,html,85fdd084,brianzliu,2026-04-24,20:15:48,-07:00,2026-04-24T20:15:48-07:00,2,4
index.html,41,html,85fdd084,brianzliu,2026-04-24,20:15:48,-07:00,2026-04-24T20:15:48-07:00,0,0
index.html,42,html,85fdd084,brianzliu,2026-04-24,20:15:48,-07:00,2026-04-24T20:15:48-07:00,2,0
index.html,43,html,269e68c9,brianzliu,2026-04-01,22:34:44,-07:00,2026-04-01T22:34:44-07:00,0,5
index.html,44,html,269e68c9,brianzliu,2026-04-01,22:34:44,-07:00,2026-04-01T22:34:44-07:00,0,5
global.js,1,js,ea1ce0f2,brianzliu,2026-05-01,23:28:04,-07:00,2026-05-01T23:28:04-07:00,0,0
global.js,2,js,ea1ce0f2,brianzliu,2026-05-01,23:28:04,-07:00,2026-05-01T23:28:04-07:00,0,0
global.js,3,js,8242ab7c,brianzliu,2026-04-17,15:30:04,-07:00,2026-04-17T15:30:04-07:00,0,25
global.js,4,js,8242ab7c,brianzliu,2026-04-17,15:30:04,-07:00,2026-04-17T15:30:04-07:00,0,0
global.js,5,js,8242ab7c,brianzliu,2026-04-17,15:30:04,-07:00,2026-04-17T15:30:04-07:00,0,41
global.js,6,js,8242ab7c,brianzliu,2026-04-17,15:30:04,-07:00,2026-04-17T15:30:04-07:00,1,52
global.js,7,js,8242ab7c,brianzliu,2026-04-17,15:30:04,-07:00,2026-04-17T15:30:04-07:00,0,0
global.js,8,js,8242ab7c,brianzliu,2026-04-17,15:30:04,-07:00,2026-04-17T15:30:04-07:00,0,0
global.js,9,js,8242ab7c,brianzliu,2026-04-17,15:30:04,-07:00,2026-04-17T15:30:04-07:00,0,0
global.js,10,js,8242ab7c,brianzliu,2026-04-17,15:30:04,-07:00,2026-04-17T15:30:04-07:00,0,0
global.js,11,js,5c3c5ee2,brianzliu,2026-04-24,20:19:49,-07:00,2026-04-24T20:19:49-07:00,0,85
global.js,12,js,5c3c5ee2,brianzliu,2026-04-24,20:19:49,-07:00,2026-04-24T20:19:49-07:00,0,79
global.js,13,js,5c3c5ee2,brianzliu,2026-04-24,20:19:49,-07:00,2026-04-24T20:19:49-07:00,0,49
global.js,14,js,5c3c5ee2,brianzliu,2026-04-24,20:19:49,-07:00,2026-04-24T20:19:49-07:00,0,52
global.js,15,js,5c3c5ee2,brianzliu,2026-04-24,20:19:49,-07:00,2026-04-24T20:19:49-07:00,0,0
global.js,16,js,5c3c5ee2,brianzliu,2026-04-24,20:19:49,-07:00,2026-04-24T20:19:49-07:00,0,87
global.js,17,js,5c3c5ee2,brianzliu,2026-04-24,20:19:49,-07:00,2026-04-24T20:19:49-07:00,0,82
global.js,18,js,8242ab7c,brianzliu,2026-04-17,15:30:04,-07:00,2026-04-17T15:30:04-07:00,0,0
global.js,19,js,8242ab7c,brianzliu,2026-04-17,15:30:04,-07:00,2026-04-17T15:30:04-07:00,0,11
global.js,20,js,8242ab7c,brianzliu,2026-04-17,15:30:04,-07:00,2026-04-17T15:30:04-07:00,2,25
global.js,21,js,8242ab7c,brianzliu,2026-04-17,15:30:04,-07:00,2026-04-17T15:30:04-07:00,2,38
global.js,22,js,8242ab7c,brianzliu,2026-04-17,15:30:04,-07:00,2026-04-17T15:30:04-07:00,2,36
global.js,23,js,8242ab7c,brianzliu,2026-04-17,15:30:04,-07:00,2026-04-17T15:30:04-07:00,2,34
global.js,24,js,8242ab7c,brianzliu,2026-04-17,15:30:04,-07:00,2026-04-17T15:30:04-07:00,2,55
global.js,25,js,8242ab7c,brianzliu,2026-04-17,15:30:04,-07:00,2026-04-17T15:30:04-07:00,0,0
global.js,26,js,8242ab7c,brianzliu,2026-04-17,15:30:04,-07:00,2026-04-17T15:30:04-07:00,0,0
global.js,27,js,8242ab7c,brianzliu,2026-04-17,15:30:04,-07:00,2026-04-17T15:30:04-07:00,0,38
global.js,28,js,8242ab7c,brianzliu,2026-04-17,15:30:04,-07:00,2026-04-17T15:30:04-07:00,0,25
global.js,29,js,8242ab7c,brianzliu,2026-04-17,15:30:04,-07:00,2026-04-17T15:30:04-07:00,0,0
global.js,30,js,8242ab7c,brianzliu,2026-04-17,15:30:04,-07:00,2026-04-17T15:30:04-07:00,0,20
global.js,31,js,8242ab7c,brianzliu,2026-04-17,15:30:04,-07:00,2026-04-17T15:30:04-07:00,1,14
global.js,32,js,8242ab7c,brianzliu,2026-04-17,15:30:04,-07:00,2026-04-17T15:30:04-07:00,1,18
global.js,33,js,8242ab7c,brianzliu,2026-04-17,15:30:04,-07:00,2026-04-17T15:30:04-07:00,0,0
global.js,34,js,8242ab7c,brianzliu,2026-04-17,15:30:04,-07:00,2026-04-17T15:30:04-07:00,1,28
global.js,35,js,5c3c5ee2,brianzliu,2026-04-24,20:19:49,-07:00,2026-04-24T20:19:49-07:00,2,33
global.js,36,js,8242ab7c,brianzliu,2026-04-17,15:30:04,-07:00,2026-04-17T15:30:04-07:00,1,0
global.js,37,js,8242ab7c,brianzliu,2026-04-17,15:30:04,-07:00,2026-04-17T15:30:04-07:00,0,0
global.js,38,js,8242ab7c,brianzliu,2026-04-17,15:30:04,-07:00,2026-04-17T15:30:04-07:00,1,34
global.js,39,js,8242ab7c,brianzliu,2026-04-17,15:30:04,-07:00,2026-04-17T15:30:04-07:00,1,11
global.js,40,js,8242ab7c,brianzliu,2026-04-17,15:30:04,-07:00,2026-04-17T15:30:04-07:00,1,20
global.js,41,js,8242ab7c,brianzliu,2026-04-17,15:30:04,-07:00,2026-04-17T15:30:04-07:00,0,0
global.js,42,js,8242ab7c,brianzliu,2026-04-17,15:30:04,-07:00,2026-04-17T15:30:04-07:00,1,65
global.js,43,js,8242ab7c,brianzliu,2026-04-17,15:30:04,-07:00,2026-04-17T15:30:04-07:00,2,25
global.js,44,js,8242ab7c,brianzliu,2026-04-17,15:30:04,-07:00,2026-04-17T15:30:04-07:00,1,0
global.js,45,js,8242ab7c,brianzliu,2026-04-17,15:30:04,-07:00,2026-04-17T15:30:04-07:00,0,0
global.js,46,js,8242ab7c,brianzliu,2026-04-17,15:30:04,-07:00,2026-04-17T15:30:04-07:00,1,29
global.js,47,js,8242ab7c,brianzliu,2026-04-17,15:30:04,-07:00,2026-04-17T15:30:04-07:00,2,15
global.js,48,js,8242ab7c,brianzliu,2026-04-17,15:30:04,-07:00,2026-04-17T15:30:04-07:00,1,0
global.js,49,js,8242ab7c,brianzliu,2026-04-17,15:30:04,-07:00,2026-04-17T15:30:04-07:00,0,0
global.js,50,js,8242ab7c,brianzliu,2026-04-17,15:30:04,-07:00,2026-04-17T15:30:04-07:00,1,12
global.js,51,js,8242ab7c,brianzliu,2026-04-17,15:30:04,-07:00,2026-04-17T15:30:04-07:00,0,0
global.js,52,js,8242ab7c,brianzliu,2026-04-17,15:30:04,-07:00,2026-04-17T15:30:04-07:00,0,0
global.js,53,js,8242ab7c,brianzliu,2026-04-17,15:30:04,-07:00,2026-04-17T15:30:04-07:00,0,34
global.js,54,js,8242ab7c,brianzliu,2026-04-17,15:30:04,-07:00,2026-04-17T15:30:04-07:00,0,31
global.js,55,js,8242ab7c,brianzliu,2026-04-17,15:30:04,-07:00,2026-04-17T15:30:04-07:00,1,11
global.js,56,js,8242ab7c,brianzliu,2026-04-17,15:30:04,-07:00,2026-04-17T15:30:04-07:00,1,0
global.js,57,js,8242ab7c,brianzliu,2026-04-17,15:30:04,-07:00,2026-04-17T15:30:04-07:00,1,26
global.js,58,js,8242ab7c,brianzliu,2026-04-17,15:30:04,-07:00,2026-04-17T15:30:04-07:00,2,4
global.js,59,js,8242ab7c,brianzliu,2026-04-17,15:30:04,-07:00,2026-04-17T15:30:04-07:00,2,6
global.js,60,js,8242ab7c,brianzliu,2026-04-17,15:30:04,-07:00,2026-04-17T15:30:04-07:00,3,24
global.js,61,js,8242ab7c,brianzliu,2026-04-17,15:30:04,-07:00,2026-04-17T15:30:04-07:00,3,20
global.js,62,js,8242ab7c,brianzliu,2026-04-17,15:30:04,-07:00,2026-04-17T15:30:04-07:00,3,19
global.js,63,js,8242ab7c,brianzliu,2026-04-17,15:30:04,-07:00,2026-04-17T15:30:04-07:00,2,7
global.js,64,js,8242ab7c,brianzliu,2026-04-17,15:30:04,-07:00,2026-04-17T15:30:04-07:00,1,8
global.js,65,js,8242ab7c,brianzliu,2026-04-17,15:30:04,-07:00,2026-04-17T15:30:04-07:00,0,0
global.js,66,js,8242ab7c,brianzliu,2026-04-17,15:30:04,-07:00,2026-04-17T15:30:04-07:00,0,0
global.js,67,js,8242ab7c,brianzliu,2026-04-17,15:30:04,-07:00,2026-04-17T15:30:04-07:00,0,43
global.js,68,js,8242ab7c,brianzliu,2026-04-17,15:30:04,-07:00,2026-04-17T15:30:04-07:00,0,0
global.js,69,js,8242ab7c,brianzliu,2026-04-17,15:30:04,-07:00,2026-04-17T15:30:04-07:00,0,49
global.js,70,js,8242ab7c,brianzliu,2026-04-17,15:30:04,-07:00,2026-04-17T15:30:04-07:00,1,57
global.js,71,js,8242ab7c,brianzliu,2026-04-17,15:30:04,-07:00,2026-04-17T15:30:04-07:00,1,77
global.js,72,js,8242ab7c,brianzliu,2026-04-17,15:30:04,-07:00,2026-04-17T15:30:04-07:00,1,43
global.js,73,js,8242ab7c,brianzliu,2026-04-17,15:30:04,-07:00,2026-04-17T15:30:04-07:00,0,1
global.js,74,js,8242ab7c,brianzliu,2026-04-17,15:30:04,-07:00,2026-04-17T15:30:04-07:00,0,0
global.js,75,js,8242ab7c,brianzliu,2026-04-17,15:30:04,-07:00,2026-04-17T15:30:04-07:00,0,34
global.js,76,js,8242ab7c,brianzliu,2026-04-17,15:30:04,-07:00,2026-04-17T15:30:04-07:00,1,83
global.js,77,js,8242ab7c,brianzliu,2026-04-17,15:30:04,-07:00,2026-04-17T15:30:04-07:00,1,38
global.js,78,js,8242ab7c,brianzliu,2026-04-17,15:30:04,-07:00,2026-04-17T15:30:04-07:00,0,0
global.js,79,js,85fdd084,brianzliu,2026-04-24,20:15:48,-07:00,2026-04-24T20:15:48-07:00,0,0
global.js,80,js,85fdd084,brianzliu,2026-04-24,20:15:48,-07:00,2026-04-24T20:15:48-07:00,0,0
global.js,81,js,85fdd084,brianzliu,2026-04-24,20:15:48,-07:00,2026-04-24T20:15:48-07:00,0,0
global.js,82,js,85fdd084,brianzliu,2026-04-24,20:15:48,-07:00,2026-04-24T20:15:48-07:00,1,0
global.js,83,js,85fdd084,brianzliu,2026-04-24,20:15:48,-07:00,2026-04-24T20:15:48-07:00,0,50
global.js,84,js,5c3c5ee2,brianzliu,2026-04-24,20:19:49,-07:00,2026-04-24T20:19:49-07:00,0,42
global.js,85,js,85fdd084,brianzliu,2026-04-24,20:15:48,-07:00,2026-04-24T20:15:48-07:00,1,3
global.js,86,js,5c3c5ee2,brianzliu,2026-04-24,20:19:49,-07:00,2026-04-24T20:19:49-07:00,2,38
global.js,87,js,85fdd084,brianzliu,2026-04-24,20:15:48,-07:00,2026-04-24T20:15:48-07:00,0,0
global.js,88,js,85fdd084,brianzliu,2026-04-24,20:15:48,-07:00,2026-04-24T20:15:48-07:00,2,17
global.js,89,js,85fdd084,brianzliu,2026-04-24,20:15:48,-07:00,2026-04-24T20:15:48-07:00,3,66
global.js,90,js,85fdd084,brianzliu,2026-04-24,20:15:48,-07:00,2026-04-24T20:15:48-07:00,2,0
global.js,91,js,85fdd084,brianzliu,2026-04-24,20:15:48,-07:00,2026-04-24T20:15:48-07:00,0,0
global.js,92,js,85fdd084,brianzliu,2026-04-24,20:15:48,-07:00,2026-04-24T20:15:48-07:00,2,33
global.js,93,js,85fdd084,brianzliu,2026-04-24,20:15:48,-07:00,2026-04-24T20:15:48-07:00,2,10
global.js,94,js,85fdd084,brianzliu,2026-04-24,20:15:48,-07:00,2026-04-24T20:15:48-07:00,0,0
global.js,95,js,85fdd084,brianzliu,2026-04-24,20:15:48,-07:00,2026-04-24T20:15:48-07:00,1,15
global.js,96,js,85fdd084,brianzliu,2026-04-24,20:15:48,-07:00,2026-04-24T20:15:48-07:00,2,59
global.js,97,js,85fdd084,brianzliu,2026-04-24,20:15:48,-07:00,2026-04-24T20:15:48-07:00,1,0
global.js,98,js,85fdd084,brianzliu,2026-04-24,20:15:48,-07:00,2026-04-24T20:15:48-07:00,0,0
global.js,99,js,85fdd084,brianzliu,2026-04-24,20:15:48,-07:00,2026-04-24T20:15:48-07:00,0,0
global.js,100,js,85fdd084,brianzliu,2026-04-24,20:15:48,-07:00,2026-04-24T20:15:48-07:00,0,79
global.js,101,js,85fdd084,brianzliu,2026-04-24,20:15:48,-07:00,2026-04-24T20:15:48-07:00,1,30
global.js,102,js,85fdd084,brianzliu,2026-04-24,20:15:48,-07:00,2026-04-24T20:15:48-07:00,0,0
global.js,103,js,85fdd084,brianzliu,2026-04-24,20:15:48,-07:00,2026-04-24T20:15:48-07:00,1,31
global.js,104,js,85fdd084,brianzliu,2026-04-24,20:15:48,-07:00,2026-04-24T20:15:48-07:00,2,48
global.js,105,js,85fdd084,brianzliu,2026-04-24,20:15:48,-07:00,2026-04-24T20:15:48-07:00,0,0
global.js,106,js,fcf26003,brianzliu,2026-05-01,23:36:21,-07:00,2026-05-01T23:36:21-07:00,2,97
global.js,107,js,fcf26003,brianzliu,2026-05-01,23:36:21,-07:00,2026-05-01T23:36:21-07:00,2,87
global.js,108,js,fcf26003,brianzliu,2026-05-01,23:36:21,-07:00,2026-05-01T23:36:21-07:00,2,51
global.js,109,js,fcf26003,brianzliu,2026-05-01,23:36:21,-07:00,2026-05-01T23:36:21-07:00,0,0
global.js,110,js,85fdd084,brianzliu,2026-04-24,20:15:48,-07:00,2026-04-24T20:15:48-07:00,2,19
global.js,111,js,85fdd084,brianzliu,2026-04-24,20:15:48,-07:00,2026-04-24T20:15:48-07:00,3,49
global.js,112,js,fcf26003,brianzliu,2026-05-01,23:36:21,-07:00,2026-05-01T23:36:21-07:00,3,51
global.js,113,js,ea1ce0f2,brianzliu,2026-05-01,23:28:04,-07:00,2026-05-01T23:28:04-07:00,3,3
global.js,114,js,ea1ce0f2,brianzliu,2026-05-01,23:28:04,-07:00,2026-05-01T23:28:04-07:00,4,27
global.js,115,js,ea1ce0f2,brianzliu,2026-05-01,23:28:04,-07:00,2026-05-01T23:28:04-07:00,4,44
global.js,116,js,ea1ce0f2,brianzliu,2026-05-01,23:28:04,-07:00,2026-05-01T23:28:04-07:00,3,4
global.js,117,js,85fdd084,brianzliu,2026-04-24,20:15:48,-07:00,2026-04-24T20:15:48-07:00,2,0
global.js,118,js,85fdd084,brianzliu,2026-04-24,20:15:48,-07:00,2026-04-24T20:15:48-07:00,0,0
global.js,119,js,85fdd084,brianzliu,2026-04-24,20:15:48,-07:00,2026-04-24T20:15:48-07:00,2,36
global.js,120,js,85fdd084,brianzliu,2026-04-24,20:15:48,-07:00,2026-04-24T20:15:48-07:00,1,0
global.js,121,js,85fdd084,brianzliu,2026-04-24,20:15:48,-07:00,2026-04-24T20:15:48-07:00,0,0
global.js,122,js,85fdd084,brianzliu,2026-04-24,20:15:48,-07:00,2026-04-24T20:15:48-07:00,0,0
global.js,123,js,85fdd084,brianzliu,2026-04-24,20:15:48,-07:00,2026-04-24T20:15:48-07:00,0,41
global.js,124,js,5c3c5ee2,brianzliu,2026-04-24,20:19:49,-07:00,2026-04-24T20:19:49-07:00,1,60
global.js,125,js,5c3c5ee2,brianzliu,2026-04-24,20:19:49,-07:00,2026-04-24T20:19:49-07:00,2,49
global.js,126,js,5c3c5ee2,brianzliu,2026-04-24,20:19:49,-07:00,2026-04-24T20:19:49-07:00,1,1
global.js,127,js,85fdd084,brianzliu,2026-04-24,20:15:48,-07:00,2026-04-24T20:15:48-07:00,0,0
global.js,128,js,85fdd084,brianzliu,2026-04-24,20:15:48,-07:00,2026-04-24T20:15:48-07:00,0,0
global.js,129,js,85fdd084,brianzliu,2026-04-24,20:15:48,-07:00,2026-04-24T20:15:48-07:00,0,0
resume/index.html,1,html,6e86d3ae,brianzliu,2026-04-01,23:35:49,-07:00,2026-04-01T23:35:49-07:00,0,13
resume/index.html,2,html,6e86d3ae,brianzliu,2026-04-01,23:35:49,-07:00,2026-04-01T23:35:49-07:00,0,14
resume/index.html,3,html,6e86d3ae,brianzliu,2026-04-01,23:35:49,-07:00,2026-04-01T23:35:49-07:00,0,4
resume/index.html,4,html,6e86d3ae,brianzliu,2026-04-01,23:35:49,-07:00,2026-04-01T23:35:49-07:00,2,20
resume/index.html,5,html,6e86d3ae,brianzliu,2026-04-01,23:35:49,-07:00,2026-04-01T23:35:49-07:00,2,68
resume/index.html,6,html,6e86d3ae,brianzliu,2026-04-01,23:35:49,-07:00,2026-04-01T23:35:49-07:00,2,19
resume/index.html,7,html,6e86d3ae,brianzliu,2026-04-01,23:35:49,-07:00,2026-04-01T23:35:49-07:00,2,41
resume/index.html,8,html,22fa8d39,brianzliu,2026-04-10,20:53:47,-07:00,2026-04-10T20:53:47-07:00,2,5
resume/index.html,9,html,22fa8d39,brianzliu,2026-04-10,20:53:47,-07:00,2026-04-10T20:53:47-07:00,2,66
resume/index.html,10,html,22fa8d39,brianzliu,2026-04-10,20:53:47,-07:00,2026-04-10T20:53:47-07:00,0,0
resume/index.html,11,html,22fa8d39,brianzliu,2026-04-10,20:53:47,-07:00,2026-04-10T20:53:47-07:00,2,9
resume/index.html,12,html,22fa8d39,brianzliu,2026-04-10,20:53:47,-07:00,2026-04-10T20:53:47-07:00,2,8
resume/index.html,13,html,22fa8d39,brianzliu,2026-04-10,20:53:47,-07:00,2026-04-10T20:53:47-07:00,2,7
resume/index.html,14,html,22fa8d39,brianzliu,2026-04-10,20:53:47,-07:00,2026-04-10T20:53:47-07:00,4,16
resume/index.html,15,html,22fa8d39,brianzliu,2026-04-10,20:53:47,-07:00,2026-04-10T20:53:47-07:00,2,0
resume/index.html,16,html,22fa8d39,brianzliu,2026-04-10,20:53:47,-07:00,2026-04-10T20:53:47-07:00,0,0
resume/index.html,17,html,22fa8d39,brianzliu,2026-04-10,20:53:47,-07:00,2026-04-10T20:53:47-07:00,2,12
resume/index.html,18,html,22fa8d39,brianzliu,2026-04-10,20:53:47,-07:00,2026-04-10T20:53:47-07:00,4,15
resume/index.html,19,html,22fa8d39,brianzliu,2026-04-10,20:53:47,-07:00,2026-04-10T20:53:47-07:00,4,17
resume/index.html,20,html,22fa8d39,brianzliu,2026-04-10,20:53:47,-07:00,2026-04-10T20:53:47-07:00,4,21
resume/index.html,21,html,22fa8d39,brianzliu,2026-04-10,20:53:47,-07:00,2026-04-10T20:53:47-07:00,4,23
resume/index.html,22,html,22fa8d39,brianzliu,2026-04-10,20:53:47,-07:00,2026-04-10T20:53:47-07:00,2,0
resume/index.html,23,html,22fa8d39,brianzliu,2026-04-10,20:53:47,-07:00,2026-04-10T20:53:47-07:00,0,0
resume/index.html,24,html,22fa8d39,brianzliu,2026-04-10,20:53:47,-07:00,2026-04-10T20:53:47-07:00,2,7
resume/index.html,25,html,22fa8d39,brianzliu,2026-04-10,20:53:47,-07:00,2026-04-10T20:53:47-07:00,4,16
resume/index.html,26,html,22fa8d39,brianzliu,2026-04-10,20:53:47,-07:00,2026-04-10T20:53:47-07:00,4,23
resume/index.html,27,html,22fa8d39,brianzliu,2026-04-10,20:53:47,-07:00,2026-04-10T20:53:47-07:00,2,0
resume/index.html,28,html,22fa8d39,brianzliu,2026-04-10,20:53:47,-07:00,2026-04-10T20:53:47-07:00,0,0
resume/index.html,29,html,22fa8d39,brianzliu,2026-04-10,20:53:47,-07:00,2026-04-10T20:53:47-07:00,2,18
resume/index.html,30,html,22fa8d39,brianzliu,2026-04-10,20:53:47,-07:00,2026-04-10T20:53:47-07:00,4,18
resume/index.html,31,html,22fa8d39,brianzliu,2026-04-10,20:53:47,-07:00,2026-04-10T20:53:47-07:00,2,0
resume/index.html,32,html,22fa8d39,brianzliu,2026-04-10,20:53:47,-07:00,2026-04-10T20:53:47-07:00,0,0
resume/index.html,33,html,22fa8d39,brianzliu,2026-04-10,20:53:47,-07:00,2026-04-10T20:53:47-07:00,2,14
resume/index.html,34,html,22fa8d39,brianzliu,2026-04-10,20:53:47,-07:00,2026-04-10T20:53:47-07:00,4,12
resume/index.html,35,html,22fa8d39,brianzliu,2026-04-10,20:53:47,-07:00,2026-04-10T20:53:47-07:00,4,29
resume/index.html,36,html,22fa8d39,brianzliu,2026-04-10,20:53:47,-07:00,2026-04-10T20:53:47-07:00,4,20
resume/index.html,37,html,22fa8d39,brianzliu,2026-04-10,20:53:47,-07:00,2026-04-10T20:53:47-07:00,4,14
resume/index.html,38,html,22fa8d39,brianzliu,2026-04-10,20:53:47,-07:00,2026-04-10T20:53:47-07:00,4,13
resume/index.html,39,html,22fa8d39,brianzliu,2026-04-10,20:53:47,-07:00,2026-04-10T20:53:47-07:00,4,20
resume/index.html,40,html,22fa8d39,brianzliu,2026-04-10,20:53:47,-07:00,2026-04-10T20:53:47-07:00,2,0
resume/index.html,41,html,22fa8d39,brianzliu,2026-04-10,20:53:47,-07:00,2026-04-10T20:53:47-07:00,0,0
resume/index.html,42,html,22fa8d39,brianzliu,2026-04-10,20:53:47,-07:00,2026-04-10T20:53:47-07:00,2,17
resume/index.html,43,html,22fa8d39,brianzliu,2026-04-10,20:53:47,-07:00,2026-04-10T20:53:47-07:00,4,8
resume/index.html,44,html,22fa8d39,brianzliu,2026-04-10,20:53:47,-07:00,2026-04-10T20:53:47-07:00,2,0
resume/index.html,45,html,22fa8d39,brianzliu,2026-04-10,20:53:47,-07:00,2026-04-10T20:53:47-07:00,0,0
resume/index.html,46,html,22fa8d39,brianzliu,2026-04-10,20:53:47,-07:00,2026-04-10T20:53:47-07:00,2,20
resume/index.html,47,html,22fa8d39,brianzliu,2026-04-10,20:53:47,-07:00,2026-04-10T20:53:47-07:00,4,12
resume/index.html,48,html,22fa8d39,brianzliu,2026-04-10,20:53:47,-07:00,2026-04-10T20:53:47-07:00,4,21
resume/index.html,49,html,22fa8d39,brianzliu,2026-04-10,20:53:47,-07:00,2026-04-10T20:53:47-07:00,4,10
resume/index.html,50,html,22fa8d39,brianzliu,2026-04-10,20:53:47,-07:00,2026-04-10T20:53:47-07:00,4,11
resume/index.html,51,html,22fa8d39,brianzliu,2026-04-10,20:53:47,-07:00,2026-04-10T20:53:47-07:00,2,0
resume/index.html,52,html,22fa8d39,brianzliu,2026-04-10,20:53:47,-07:00,2026-04-10T20:53:47-07:00,0,0
resume/index.html,53,html,22fa8d39,brianzliu,2026-04-10,20:53:47,-07:00,2026-04-10T20:53:47-07:00,2,18
resume/index.html,54,html,22fa8d39,brianzliu,2026-04-10,20:53:47,-07:00,2026-04-10T20:53:47-07:00,2,16
resume/index.html,55,html,22fa8d39,brianzliu,2026-04-10,20:53:47,-07:00,2026-04-10T20:53:47-07:00,4,8
resume/index.html,56,html,22fa8d39,brianzliu,2026-04-10,20:53:47,-07:00,2026-04-10T20:53:47-07:00,2,0
resume/index.html,57,html,22fa8d39,brianzliu,2026-04-10,20:53:47,-07:00,2026-04-10T20:53:47-07:00,0,0
resume/index.html,58,html,22fa8d39,brianzliu,2026-04-10,20:53:47,-07:00,2026-04-10T20:53:47-07:00,2,11
resume/index.html,59,html,22fa8d39,brianzliu,2026-04-10,20:53:47,-07:00,2026-04-10T20:53:47-07:00,4,19
resume/index.html,60,html,22fa8d39,brianzliu,2026-04-10,20:53:47,-07:00,2026-04-10T20:53:47-07:00,4,14
resume/index.html,61,html,22fa8d39,brianzliu,2026-04-10,20:53:47,-07:00,2026-04-10T20:53:47-07:00,2,0
resume/index.html,62,html,22fa8d39,brianzliu,2026-04-10,20:53:47,-07:00,2026-04-10T20:53:47-07:00,0,0
resume/index.html,63,html,22fa8d39,brianzliu,2026-04-10,20:53:47,-07:00,2026-04-10T20:53:47-07:00,2,9
resume/index.html,64,html,22fa8d39,brianzliu,2026-04-10,20:53:47,-07:00,2026-04-10T20:53:47-07:00,4,28
resume/index.html,65,html,22fa8d39,brianzliu,2026-04-10,20:53:47,-07:00,2026-04-10T20:53:47-07:00,2,0
resume/index.html,66,html,22fa8d39,brianzliu,2026-04-10,20:53:47,-07:00,2026-04-10T20:53:47-07:00,0,0
resume/index.html,67,html,22fa8d39,brianzliu,2026-04-10,20:53:47,-07:00,2026-04-10T20:53:47-07:00,2,15
resume/index.html,68,html,22fa8d39,brianzliu,2026-04-10,20:53:47,-07:00,2026-04-10T20:53:47-07:00,4,19
resume/index.html,69,html,22fa8d39,brianzliu,2026-04-10,20:53:47,-07:00,2026-04-10T20:53:47-07:00,2,0
resume/index.html,70,html,22fa8d39,brianzliu,2026-04-10,20:53:47,-07:00,2026-04-10T20:53:47-07:00,0,0
resume/index.html,71,html,22fa8d39,brianzliu,2026-04-10,20:53:47,-07:00,2026-04-10T20:53:47-07:00,2,18
resume/index.html,72,html,22fa8d39,brianzliu,2026-04-10,20:53:47,-07:00,2026-04-10T20:53:47-07:00,4,16
resume/index.html,73,html,22fa8d39,brianzliu,2026-04-10,20:53:47,-07:00,2026-04-10T20:53:47-07:00,4,15
resume/index.html,74,html,22fa8d39,brianzliu,2026-04-10,20:53:47,-07:00,2026-04-10T20:53:47-07:00,2,0
resume/index.html,75,html,22fa8d39,brianzliu,2026-04-10,20:53:47,-07:00,2026-04-10T20:53:47-07:00,0,0
resume/index.html,76,html,22fa8d39,brianzliu,2026-04-10,20:53:47,-07:00,2026-04-10T20:53:47-07:00,2,10
resume/index.html,77,html,22fa8d39,brianzliu,2026-04-10,20:53:47,-07:00,2026-04-10T20:53:47-07:00,4,8
resume/index.html,78,html,22fa8d39,brianzliu,2026-04-10,20:53:47,-07:00,2026-04-10T20:53:47-07:00,4,19
resume/index.html,79,html,22fa8d39,brianzliu,2026-04-10,20:53:47,-07:00,2026-04-10T20:53:47-07:00,2,0
resume/index.html,80,html,22fa8d39,brianzliu,2026-04-10,20:53:47,-07:00,2026-04-10T20:53:47-07:00,0,0
resume/index.html,81,html,22fa8d39,brianzliu,2026-04-10,20:53:47,-07:00,2026-04-10T20:53:47-07:00,2,10
resume/index.html,82,html,22fa8d39,brianzliu,2026-04-10,20:53:47,-07:00,2026-04-10T20:53:47-07:00,4,19
resume/index.html,83,html,22fa8d39,brianzliu,2026-04-10,20:53:47,-07:00,2026-04-10T20:53:47-07:00,2,0
resume/index.html,84,html,22fa8d39,brianzliu,2026-04-10,20:53:47,-07:00,2026-04-10T20:53:47-07:00,2,6
resume/index.html,85,html,6e86d3ae,brianzliu,2026-04-01,23:35:49,-07:00,2026-04-01T23:35:49-07:00,0,5
resume/index.html,86,html,6e86d3ae,brianzliu,2026-04-01,23:35:49,-07:00,2026-04-01T23:35:49-07:00,0,4
resume/index.html,87,html,8242ab7c,brianzliu,2026-04-17,15:30:04,-07:00,2026-04-17T15:30:04-07:00,2,8
resume/index.html,88,html,6e86d3ae,brianzliu,2026-04-01,23:35:49,-07:00,2026-04-01T23:35:49-07:00,4,30
resume/index.html,89,html,6e86d3ae,brianzliu,2026-04-01,23:35:49,-07:00,2026-04-01T23:35:49-07:00,4,43
resume/index.html,90,html,22fa8d39,brianzliu,2026-04-10,20:53:47,-07:00,2026-04-10T20:53:47-07:00,4,45
resume/index.html,91,html,6e86d3ae,brianzliu,2026-04-01,23:35:49,-07:00,2026-04-01T23:35:49-07:00,4,41
resume/index.html,92,html,6e86d3ae,brianzliu,2026-04-01,23:35:49,-07:00,2026-04-01T23:35:49-07:00,4,64
resume/index.html,93,html,8242ab7c,brianzliu,2026-04-17,15:30:04,-07:00,2026-04-17T15:30:04-07:00,2,8
resume/index.html,94,html,6e86d3ae,brianzliu,2026-04-01,23:35:49,-07:00,2026-04-01T23:35:49-07:00,0,0
resume/index.html,95,html,6e86d3ae,brianzliu,2026-04-01,23:35:49,-07:00,2026-04-01T23:35:49-07:00,2,13
resume/index.html,96,html,6e86d3ae,brianzliu,2026-04-01,23:35:49,-07:00,2026-04-01T23:35:49-07:00,0,0
resume/index.html,97,html,6e86d3ae,brianzliu,2026-04-01,23:35:49,-07:00,2026-04-01T23:35:49-07:00,2,22
resume/index.html,98,html,6e86d3ae,brianzliu,2026-04-01,23:35:49,-07:00,2026-04-01T23:35:49-07:00,4,16
resume/index.html,99,html,6e86d3ae,brianzliu,2026-04-01,23:35:49,-07:00,2026-04-01T23:35:49-07:00,0,0
resume/index.html,100,html,6e86d3ae,brianzliu,2026-04-01,23:35:49,-07:00,2026-04-01T23:35:49-07:00,4,7
resume/index.html,101,html,6e86d3ae,brianzliu,2026-04-01,23:35:49,-07:00,2026-04-01T23:35:49-07:00,6,6
resume/index.html,102,html,22fa8d39,brianzliu,2026-04-10,20:53:47,-07:00,2026-04-10T20:53:47-07:00,8,3
resume/index.html,103,html,22fa8d39,brianzliu,2026-04-10,20:53:47,-07:00,2026-04-10T20:53:47-07:00,10,42
resume/index.html,104,html,22fa8d39,brianzliu,2026-04-10,20:53:47,-07:00,2026-04-10T20:53:47-07:00,10,25
resume/index.html,105,html,22fa8d39,brianzliu,2026-04-10,20:53:47,-07:00,2026-04-10T20:53:47-07:00,8,4
resume/index.html,106,html,6e86d3ae,brianzliu,2026-04-01,23:35:49,-07:00,2026-04-01T23:35:49-07:00,8,95
resume/index.html,107,html,6e86d3ae,brianzliu,2026-04-01,23:35:49,-07:00,2026-04-01T23:35:49-07:00,6,7
resume/index.html,108,html,6e86d3ae,brianzliu,2026-04-01,23:35:49,-07:00,2026-04-01T23:35:49-07:00,4,8
resume/index.html,109,html,6e86d3ae,brianzliu,2026-04-01,23:35:49,-07:00,2026-04-01T23:35:49-07:00,2,8
resume/index.html,110,html,6e86d3ae,brianzliu,2026-04-01,23:35:49,-07:00,2026-04-01T23:35:49-07:00,2,0
resume/index.html,111,html,6e86d3ae,brianzliu,2026-04-01,23:35:49,-07:00,2026-04-01T23:35:49-07:00,2,21
resume/index.html,112,html,6e86d3ae,brianzliu,2026-04-01,23:35:49,-07:00,2026-04-01T23:35:49-07:00,4,15
resume/index.html,113,html,6e86d3ae,brianzliu,2026-04-01,23:35:49,-07:00,2026-04-01T23:35:49-07:00,0,0
resume/index.html,114,html,6e86d3ae,brianzliu,2026-04-01,23:35:49,-07:00,2026-04-01T23:35:49-07:00,4,7
resume/index.html,115,html,6e86d3ae,brianzliu,2026-04-01,23:35:49,-07:00,2026-04-01T23:35:49-07:00,6,6
resume/index.html,116,html,6e86d3ae,brianzliu,2026-04-01,23:35:49,-07:00,2026-04-01T23:35:49-07:00,8,23
resume/index.html,117,html,6e86d3ae,brianzliu,2026-04-01,23:35:49,-07:00,2026-04-01T23:35:49-07:00,8,40
resume/index.html,118,html,6e86d3ae,brianzliu,2026-04-01,23:35:49,-07:00,2026-04-01T23:35:49-07:00,6,7
resume/index.html,119,html,6e86d3ae,brianzliu,2026-04-01,23:35:49,-07:00,2026-04-01T23:35:49-07:00,6,54
resume/index.html,120,html,6e86d3ae,brianzliu,2026-04-01,23:35:49,-07:00,2026-04-01T23:35:49-07:00,6,77
resume/index.html,121,html,6e86d3ae,brianzliu,2026-04-01,23:35:49,-07:00,2026-04-01T23:35:49-07:00,4,8
resume/index.html,122,html,6e86d3ae,brianzliu,2026-04-01,23:35:49,-07:00,2026-04-01T23:35:49-07:00,4,7
resume/index.html,123,html,6e86d3ae,brianzliu,2026-04-01,23:35:49,-07:00,2026-04-01T23:35:49-07:00,6,6
resume/index.html,124,html,6e86d3ae,brianzliu,2026-04-01,23:35:49,-07:00,2026-04-01T23:35:49-07:00,8,16
resume/index.html,125,html,6e86d3ae,brianzliu,2026-04-01,23:35:49,-07:00,2026-04-01T23:35:49-07:00,8,40
resume/index.html,126,html,6e86d3ae,brianzliu,2026-04-01,23:35:49,-07:00,2026-04-01T23:35:49-07:00,6,7
resume/index.html,127,html,6e86d3ae,brianzliu,2026-04-01,23:35:49,-07:00,2026-04-01T23:35:49-07:00,6,124
resume/index.html,128,html,6e86d3ae,brianzliu,2026-04-01,23:35:49,-07:00,2026-04-01T23:35:49-07:00,6,70
resume/index.html,129,html,6e86d3ae,brianzliu,2026-04-01,23:35:49,-07:00,2026-04-01T23:35:49-07:00,4,8
resume/index.html,130,html,6e86d3ae,brianzliu,2026-04-01,23:35:49,-07:00,2026-04-01T23:35:49-07:00,4,7
resume/index.html,131,html,6e86d3ae,brianzliu,2026-04-01,23:35:49,-07:00,2026-04-01T23:35:49-07:00,6,6
resume/index.html,132,html,6e86d3ae,brianzliu,2026-04-01,23:35:49,-07:00,2026-04-01T23:35:49-07:00,8,16
resume/index.html,133,html,6e86d3ae,brianzliu,2026-04-01,23:35:49,-07:00,2026-04-01T23:35:49-07:00,8,43
resume/index.html,134,html,6e86d3ae,brianzliu,2026-04-01,23:35:49,-07:00,2026-04-01T23:35:49-07:00,6,7
resume/index.html,135,html,6e86d3ae,brianzliu,2026-04-01,23:35:49,-07:00,2026-04-01T23:35:49-07:00,6,89
resume/index.html,136,html,6e86d3ae,brianzliu,2026-04-01,23:35:49,-07:00,2026-04-01T23:35:49-07:00,6,69
resume/index.html,137,html,6e86d3ae,brianzliu,2026-04-01,23:35:49,-07:00,2026-04-01T23:35:49-07:00,4,8
resume/index.html,138,html,6e86d3ae,brianzliu,2026-04-01,23:35:49,-07:00,2026-04-01T23:35:49-07:00,2,8
resume/index.html,139,html,6e86d3ae,brianzliu,2026-04-01,23:35:49,-07:00,2026-04-01T23:35:49-07:00,0,0
resume/index.html,140,html,6e86d3ae,brianzliu,2026-04-01,23:35:49,-07:00,2026-04-01T23:35:49-07:00,2,19
resume/index.html,141,html,6e86d3ae,brianzliu,2026-04-01,23:35:49,-07:00,2026-04-01T23:35:49-07:00,4,13
resume/index.html,142,html,6e86d3ae,brianzliu,2026-04-01,23:35:49,-07:00,2026-04-01T23:35:49-07:00,4,7
resume/index.html,143,html,6e86d3ae,brianzliu,2026-04-01,23:35:49,-07:00,2026-04-01T23:35:49-07:00,6,18
resume/index.html,144,html,6e86d3ae,brianzliu,2026-04-01,23:35:49,-07:00,2026-04-01T23:35:49-07:00,6,2
resume/index.html,145,html,6e86d3ae,brianzliu,2026-04-01,23:35:49,-07:00,2026-04-01T23:35:49-07:00,8,13
resume/index.html,146,html,6e86d3ae,brianzliu,2026-04-01,23:35:49,-07:00,2026-04-01T23:35:49-07:00,8,12
resume/index.html,147,html,6e86d3ae,brianzliu,2026-04-01,23:35:49,-07:00,2026-04-01T23:35:49-07:00,8,13
resume/index.html,148,html,6e86d3ae,brianzliu,2026-04-01,23:35:49,-07:00,2026-04-01T23:35:49-07:00,8,11
resume/index.html,149,html,6e86d3ae,brianzliu,2026-04-01,23:35:49,-07:00,2026-04-01T23:35:49-07:00,8,10
resume/index.html,150,html,6e86d3ae,brianzliu,2026-04-01,23:35:49,-07:00,2026-04-01T23:35:49-07:00,8,12
resume/index.html,151,html,6e86d3ae,brianzliu,2026-04-01,23:35:49,-07:00,2026-04-01T23:35:49-07:00,6,3
resume/index.html,152,html,6e86d3ae,brianzliu,2026-04-01,23:35:49,-07:00,2026-04-01T23:35:49-07:00,4,8
resume/index.html,153,html,6e86d3ae,brianzliu,2026-04-01,23:35:49,-07:00,2026-04-01T23:35:49-07:00,4,7
resume/index.html,154,html,6e86d3ae,brianzliu,2026-04-01,23:35:49,-07:00,2026-04-01T23:35:49-07:00,6,11
resume/index.html,155,html,6e86d3ae,brianzliu,2026-04-01,23:35:49,-07:00,2026-04-01T23:35:49-07:00,6,2
resume/index.html,156,html,6e86d3ae,brianzliu,2026-04-01,23:35:49,-07:00,2026-04-01T23:35:49-07:00,8,21
resume/index.html,157,html,6e86d3ae,brianzliu,2026-04-01,23:35:49,-07:00,2026-04-01T23:35:49-07:00,8,33
resume/index.html,158,html,6e86d3ae,brianzliu,2026-04-01,23:35:49,-07:00,2026-04-01T23:35:49-07:00,8,14
resume/index.html,159,html,6e86d3ae,brianzliu,2026-04-01,23:35:49,-07:00,2026-04-01T23:35:49-07:00,8,15
resume/index.html,160,html,6e86d3ae,brianzliu,2026-04-01,23:35:49,-07:00,2026-04-01T23:35:49-07:00,6,3
resume/index.html,161,html,6e86d3ae,brianzliu,2026-04-01,23:35:49,-07:00,2026-04-01T23:35:49-07:00,4,8
resume/index.html,162,html,6e86d3ae,brianzliu,2026-04-01,23:35:49,-07:00,2026-04-01T23:35:49-07:00,2,8
resume/index.html,163,html,6e86d3ae,brianzliu,2026-04-01,23:35:49,-07:00,2026-04-01T23:35:49-07:00,0,0
resume/index.html,164,html,8242ab7c,brianzliu,2026-04-17,15:30:04,-07:00,2026-04-17T15:30:04-07:00,2,48
resume/index.html,165,html,6e86d3ae,brianzliu,2026-04-01,23:35:49,-07:00,2026-04-01T23:35:49-07:00,0,5
resume/index.html,166,html,6e86d3ae,brianzliu,2026-04-01,23:35:49,-07:00,2026-04-01T23:35:49-07:00,0,5
projects/projects.js,1,js,5c3c5ee2,brianzliu,2026-04-24,20:19:49,-07:00,2026-04-24T20:19:49-07:00,0,74
projects/projects.js,2,js,ea1ce0f2,brianzliu,2026-05-01,23:28:04,-07:00,2026-05-01T23:28:04-07:00,0,63
projects/projects.js,3,js,85fdd084,brianzliu,2026-04-24,20:15:48,-07:00,2026-04-24T20:15:48-07:00,0,0
projects/projects.js,4,js,5c3c5ee2,brianzliu,2026-04-24,20:19:49,-07:00,2026-04-24T20:19:49-07:00,0,58
projects/projects.js,5,js,85fdd084,brianzliu,2026-04-24,20:15:48,-07:00,2026-04-24T20:15:48-07:00,0,0
projects/projects.js,6,js,85fdd084,brianzliu,2026-04-24,20:15:48,-07:00,2026-04-24T20:15:48-07:00,0,60
projects/projects.js,7,js,85fdd084,brianzliu,2026-04-24,20:15:48,-07:00,2026-04-24T20:15:48-07:00,0,0
projects/projects.js,8,js,85fdd084,brianzliu,2026-04-24,20:15:48,-07:00,2026-04-24T20:15:48-07:00,0,48
projects/projects.js,9,js,85fdd084,brianzliu,2026-04-24,20:15:48,-07:00,2026-04-24T20:15:48-07:00,0,0
projects/projects.js,10,js,85fdd084,brianzliu,2026-04-24,20:15:48,-07:00,2026-04-24T20:15:48-07:00,0,70
projects/projects.js,11,js,ea1ce0f2,brianzliu,2026-05-01,23:28:04,-07:00,2026-05-01T23:28:04-07:00,0,62
projects/projects.js,12,js,ea1ce0f2,brianzliu,2026-05-01,23:28:04,-07:00,2026-05-01T23:28:04-07:00,0,0
projects/projects.js,13,js,ea1ce0f2,brianzliu,2026-05-01,23:28:04,-07:00,2026-05-01T23:28:04-07:00,0,13
projects/projects.js,14,js,ea1ce0f2,brianzliu,2026-05-01,23:28:04,-07:00,2026-05-01T23:28:04-07:00,0,20
projects/projects.js,15,js,ea1ce0f2,brianzliu,2026-05-01,23:28:04,-07:00,2026-05-01T23:28:04-07:00,0,0
projects/projects.js,16,js,ea1ce0f2,brianzliu,2026-05-01,23:28:04,-07:00,2026-05-01T23:28:04-07:00,0,38
projects/projects.js,17,js,ea1ce0f2,brianzliu,2026-05-01,23:28:04,-07:00,2026-05-01T23:28:04-07:00,1,29
projects/projects.js,18,js,ea1ce0f2,brianzliu,2026-05-01,23:28:04,-07:00,2026-05-01T23:28:04-07:00,2,12
projects/projects.js,19,js,ea1ce0f2,brianzliu,2026-05-01,23:28:04,-07:00,2026-05-01T23:28:04-07:00,2,14
projects/projects.js,20,js,ea1ce0f2,brianzliu,2026-05-01,23:28:04,-07:00,2026-05-01T23:28:04-07:00,2,12
projects/projects.js,21,js,ea1ce0f2,brianzliu,2026-05-01,23:28:04,-07:00,2026-05-01T23:28:04-07:00,1,0
projects/projects.js,22,js,ea1ce0f2,brianzliu,2026-05-01,23:28:04,-07:00,2026-05-01T23:28:04-07:00,1,50
projects/projects.js,23,js,ea1ce0f2,brianzliu,2026-05-01,23:28:04,-07:00,2026-05-01T23:28:04-07:00,2,35
projects/projects.js,24,js,ea1ce0f2,brianzliu,2026-05-01,23:28:04,-07:00,2026-05-01T23:28:04-07:00,1,1
projects/projects.js,25,js,ea1ce0f2,brianzliu,2026-05-01,23:28:04,-07:00,2026-05-01T23:28:04-07:00,0,0
projects/projects.js,26,js,ea1ce0f2,brianzliu,2026-05-01,23:28:04,-07:00,2026-05-01T23:28:04-07:00,1,50
projects/projects.js,27,js,ea1ce0f2,brianzliu,2026-05-01,23:28:04,-07:00,2026-05-01T23:28:04-07:00,1,36
projects/projects.js,28,js,ea1ce0f2,brianzliu,2026-05-01,23:28:04,-07:00,2026-05-01T23:28:04-07:00,1,57
projects/projects.js,29,js,ea1ce0f2,brianzliu,2026-05-01,23:28:04,-07:00,2026-05-01T23:28:04-07:00,1,45
projects/projects.js,30,js,ea1ce0f2,brianzliu,2026-05-01,23:28:04,-07:00,2026-05-01T23:28:04-07:00,1,47
projects/projects.js,31,js,ea1ce0f2,brianzliu,2026-05-01,23:28:04,-07:00,2026-05-01T23:28:04-07:00,0,0
projects/projects.js,32,js,ea1ce0f2,brianzliu,2026-05-01,23:28:04,-07:00,2026-05-01T23:28:04-07:00,1,25
projects/projects.js,33,js,ea1ce0f2,brianzliu,2026-05-01,23:28:04,-07:00,2026-05-01T23:28:04-07:00,1,29
projects/projects.js,34,js,ea1ce0f2,brianzliu,2026-05-01,23:28:04,-07:00,2026-05-01T23:28:04-07:00,1,32
projects/projects.js,35,js,ea1ce0f2,brianzliu,2026-05-01,23:28:04,-07:00,2026-05-01T23:28:04-07:00,1,30
projects/projects.js,36,js,ea1ce0f2,brianzliu,2026-05-01,23:28:04,-07:00,2026-05-01T23:28:04-07:00,0,0
projects/projects.js,37,js,ea1ce0f2,brianzliu,2026-05-01,23:28:04,-07:00,2026-05-01T23:28:04-07:00,1,30
projects/projects.js,38,js,ea1ce0f2,brianzliu,2026-05-01,23:28:04,-07:00,2026-05-01T23:28:04-07:00,2,47
projects/projects.js,39,js,ea1ce0f2,brianzliu,2026-05-01,23:28:04,-07:00,2026-05-01T23:28:04-07:00,2,1
projects/projects.js,40,js,ea1ce0f2,brianzliu,2026-05-01,23:28:04,-07:00,2026-05-01T23:28:04-07:00,3,16
projects/projects.js,41,js,ea1ce0f2,brianzliu,2026-05-01,23:28:04,-07:00,2026-05-01T23:28:04-07:00,3,26
projects/projects.js,42,js,ea1ce0f2,brianzliu,2026-05-01,23:28:04,-07:00,2026-05-01T23:28:04-07:00,4,51
projects/projects.js,43,js,ea1ce0f2,brianzliu,2026-05-01,23:28:04,-07:00,2026-05-01T23:28:04-07:00,3,1
projects/projects.js,44,js,ea1ce0f2,brianzliu,2026-05-01,23:28:04,-07:00,2026-05-01T23:28:04-07:00,2,4
projects/projects.js,45,js,ea1ce0f2,brianzliu,2026-05-01,23:28:04,-07:00,2026-05-01T23:28:04-07:00,3,14
projects/projects.js,46,js,ea1ce0f2,brianzliu,2026-05-01,23:28:04,-07:00,2026-05-01T23:28:04-07:00,3,26
projects/projects.js,47,js,ea1ce0f2,brianzliu,2026-05-01,23:28:04,-07:00,2026-05-01T23:28:04-07:00,4,51
projects/projects.js,48,js,ea1ce0f2,brianzliu,2026-05-01,23:28:04,-07:00,2026-05-01T23:28:04-07:00,3,1
projects/projects.js,49,js,ea1ce0f2,brianzliu,2026-05-01,23:28:04,-07:00,2026-05-01T23:28:04-07:00,2,24
projects/projects.js,50,js,ea1ce0f2,brianzliu,2026-05-01,23:28:04,-07:00,2026-05-01T23:28:04-07:00,1,0
projects/projects.js,51,js,ea1ce0f2,brianzliu,2026-05-01,23:28:04,-07:00,2026-05-01T23:28:04-07:00,0,0
projects/projects.js,52,js,ea1ce0f2,brianzliu,2026-05-01,23:28:04,-07:00,2026-05-01T23:28:04-07:00,1,24
projects/projects.js,53,js,ea1ce0f2,brianzliu,2026-05-01,23:28:04,-07:00,2026-05-01T23:28:04-07:00,2,1
projects/projects.js,54,js,ea1ce0f2,brianzliu,2026-05-01,23:28:04,-07:00,2026-05-01T23:28:04-07:00,3,13
projects/projects.js,55,js,ea1ce0f2,brianzliu,2026-05-01,23:28:04,-07:00,2026-05-01T23:28:04-07:00,3,13
projects/projects.js,56,js,ea1ce0f2,brianzliu,2026-05-01,23:28:04,-07:00,2026-05-01T23:28:04-07:00,3,22
projects/projects.js,57,js,ea1ce0f2,brianzliu,2026-05-01,23:28:04,-07:00,2026-05-01T23:28:04-07:00,3,73
projects/projects.js,58,js,ea1ce0f2,brianzliu,2026-05-01,23:28:04,-07:00,2026-05-01T23:28:04-07:00,3,25
projects/projects.js,59,js,ea1ce0f2,brianzliu,2026-05-01,23:28:04,-07:00,2026-05-01T23:28:04-07:00,3,52
projects/projects.js,60,js,ea1ce0f2,brianzliu,2026-05-01,23:28:04,-07:00,2026-05-01T23:28:04-07:00,1,1
projects/projects.js,61,js,ea1ce0f2,brianzliu,2026-05-01,23:28:04,-07:00,2026-05-01T23:28:04-07:00,0,0
projects/projects.js,62,js,ea1ce0f2,brianzliu,2026-05-01,23:28:04,-07:00,2026-05-01T23:28:04-07:00,1,27
projects/projects.js,63,js,ea1ce0f2,brianzliu,2026-05-01,23:28:04,-07:00,2026-05-01T23:28:04-07:00,2,4
projects/projects.js,64,js,ea1ce0f2,brianzliu,2026-05-01,23:28:04,-07:00,2026-05-01T23:28:04-07:00,3,11
projects/projects.js,65,js,ea1ce0f2,brianzliu,2026-05-01,23:28:04,-07:00,2026-05-01T23:28:04-07:00,3,38
projects/projects.js,66,js,ea1ce0f2,brianzliu,2026-05-01,23:28:04,-07:00,2026-05-01T23:28:04-07:00,3,64
projects/projects.js,67,js,ea1ce0f2,brianzliu,2026-05-01,23:28:04,-07:00,2026-05-01T23:28:04-07:00,3,68
projects/projects.js,68,js,ea1ce0f2,brianzliu,2026-05-01,23:28:04,-07:00,2026-05-01T23:28:04-07:00,3,25
projects/projects.js,69,js,ea1ce0f2,brianzliu,2026-05-01,23:28:04,-07:00,2026-05-01T23:28:04-07:00,3,43
projects/projects.js,70,js,ea1ce0f2,brianzliu,2026-05-01,23:28:04,-07:00,2026-05-01T23:28:04-07:00,1,1
projects/projects.js,71,js,ea1ce0f2,brianzliu,2026-05-01,23:28:04,-07:00,2026-05-01T23:28:04-07:00,0,0
projects/projects.js,72,js,ea1ce0f2,brianzliu,2026-05-01,23:28:04,-07:00,2026-05-01T23:28:04-07:00,0,0
projects/projects.js,73,js,ea1ce0f2,brianzliu,2026-05-01,23:28:04,-07:00,2026-05-01T23:28:04-07:00,0,34
projects/projects.js,74,js,ea1ce0f2,brianzliu,2026-05-01,23:28:04,-07:00,2026-05-01T23:28:04-07:00,1,51
projects/projects.js,75,js,ea1ce0f2,brianzliu,2026-05-01,23:28:04,-07:00,2026-05-01T23:28:04-07:00,2,22
projects/projects.js,76,js,ea1ce0f2,brianzliu,2026-05-01,23:28:04,-07:00,2026-05-01T23:28:04-07:00,2,10
projects/projects.js,77,js,ea1ce0f2,brianzliu,2026-05-01,23:28:04,-07:00,2026-05-01T23:28:04-07:00,4,59
projects/projects.js,78,js,ea1ce0f2,brianzliu,2026-05-01,23:28:04,-07:00,2026-05-01T23:28:04-07:00,4,50
projects/projects.js,79,js,ea1ce0f2,brianzliu,2026-05-01,23:28:04,-07:00,2026-05-01T23:28:04-07:00,2,0
projects/projects.js,80,js,ea1ce0f2,brianzliu,2026-05-01,23:28:04,-07:00,2026-05-01T23:28:04-07:00,2,21
projects/projects.js,81,js,ea1ce0f2,brianzliu,2026-05-01,23:28:04,-07:00,2026-05-01T23:28:04-07:00,2,17
projects/projects.js,82,js,ea1ce0f2,brianzliu,2026-05-01,23:28:04,-07:00,2026-05-01T23:28:04-07:00,4,42
projects/projects.js,83,js,ea1ce0f2,brianzliu,2026-05-01,23:28:04,-07:00,2026-05-01T23:28:04-07:00,2,0
projects/projects.js,84,js,ea1ce0f2,brianzliu,2026-05-01,23:28:04,-07:00,2026-05-01T23:28:04-07:00,2,33
projects/projects.js,85,js,ea1ce0f2,brianzliu,2026-05-01,23:28:04,-07:00,2026-05-01T23:28:04-07:00,1,1
projects/projects.js,86,js,ea1ce0f2,brianzliu,2026-05-01,23:28:04,-07:00,2026-05-01T23:28:04-07:00,0,0
projects/projects.js,87,js,ea1ce0f2,brianzliu,2026-05-01,23:28:04,-07:00,2026-05-01T23:28:04-07:00,1,56
projects/projects.js,88,js,ea1ce0f2,brianzliu,2026-05-01,23:28:04,-07:00,2026-05-01T23:28:04-07:00,1,71
projects/projects.js,89,js,ea1ce0f2,brianzliu,2026-05-01,23:28:04,-07:00,2026-05-01T23:28:04-07:00,0,0
projects/projects.js,90,js,ea1ce0f2,brianzliu,2026-05-01,23:28:04,-07:00,2026-05-01T23:28:04-07:00,0,0
projects/projects.js,91,js,fcf26003,brianzliu,2026-05-01,23:36:21,-07:00,2026-05-01T23:36:21-07:00,0,0
projects/projects.js,92,js,ea1ce0f2,brianzliu,2026-05-01,23:28:04,-07:00,2026-05-01T23:28:04-07:00,0,23
projects/projects.js,93,js,ea1ce0f2,brianzliu,2026-05-01,23:28:04,-07:00,2026-05-01T23:28:04-07:00,0,24
projects/projects.js,94,js,ea1ce0f2,brianzliu,2026-05-01,23:28:04,-07:00,2026-05-01T23:28:04-07:00,0,0
projects/projects.js,95,js,ea1ce0f2,brianzliu,2026-05-01,23:28:04,-07:00,2026-05-01T23:28:04-07:00,0,53
projects/projects.js,96,js,fcf26003,brianzliu,2026-05-01,23:36:21,-07:00,2026-05-01T23:36:21-07:00,0,48
projects/projects.js,97,js,ea1ce0f2,brianzliu,2026-05-01,23:28:04,-07:00,2026-05-01T23:28:04-07:00,1,25
projects/projects.js,98,js,ea1ce0f2,brianzliu,2026-05-01,23:28:04,-07:00,2026-05-01T23:28:04-07:00,1,50
projects/projects.js,99,js,ea1ce0f2,brianzliu,2026-05-01,23:28:04,-07:00,2026-05-01T23:28:04-07:00,3,59
projects/projects.js,100,js,ea1ce0f2,brianzliu,2026-05-01,23:28:04,-07:00,2026-05-01T23:28:04-07:00,3,42
projects/projects.js,101,js,ea1ce0f2,brianzliu,2026-05-01,23:28:04,-07:00,2026-05-01T23:28:04-07:00,1,1
projects/projects.js,102,js,fcf26003,brianzliu,2026-05-01,23:36:21,-07:00,2026-05-01T23:36:21-07:00,0,0
projects/projects.js,103,js,ea1ce0f2,brianzliu,2026-05-01,23:28:04,-07:00,2026-05-01T23:28:04-07:00,1,30
projects/projects.js,104,js,ea1ce0f2,brianzliu,2026-05-01,23:28:04,-07:00,2026-05-01T23:28:04-07:00,1,24
projects/projects.js,105,js,ea1ce0f2,brianzliu,2026-05-01,23:28:04,-07:00,2026-05-01T23:28:04-07:00,0,1
projects/index.html,1,html,6e86d3ae,brianzliu,2026-04-01,23:35:49,-07:00,2026-04-01T23:35:49-07:00,0,13
projects/index.html,2,html,6e86d3ae,brianzliu,2026-04-01,23:35:49,-07:00,2026-04-01T23:35:49-07:00,0,14
projects/index.html,3,html,6e86d3ae,brianzliu,2026-04-01,23:35:49,-07:00,2026-04-01T23:35:49-07:00,0,4
projects/index.html,4,html,6e86d3ae,brianzliu,2026-04-01,23:35:49,-07:00,2026-04-01T23:35:49-07:00,2,20
projects/index.html,5,html,6e86d3ae,brianzliu,2026-04-01,23:35:49,-07:00,2026-04-01T23:35:49-07:00,2,68
projects/index.html,6,html,6e86d3ae,brianzliu,2026-04-01,23:35:49,-07:00,2026-04-01T23:35:49-07:00,2,21
projects/index.html,7,html,6e86d3ae,brianzliu,2026-04-01,23:35:49,-07:00,2026-04-01T23:35:49-07:00,2,41
projects/index.html,8,html,85fdd084,brianzliu,2026-04-24,20:15:48,-07:00,2026-04-24T20:15:48-07:00,2,48
projects/index.html,9,html,85fdd084,brianzliu,2026-04-24,20:15:48,-07:00,2026-04-24T20:15:48-07:00,2,47
projects/index.html,10,html,6e86d3ae,brianzliu,2026-04-01,23:35:49,-07:00,2026-04-01T23:35:49-07:00,0,5
projects/index.html,11,html,6e86d3ae,brianzliu,2026-04-01,23:35:49,-07:00,2026-04-01T23:35:49-07:00,0,4
projects/index.html,12,html,8242ab7c,brianzliu,2026-04-17,15:30:04,-07:00,2026-04-17T15:30:04-07:00,2,8
projects/index.html,13,html,6e86d3ae,brianzliu,2026-04-01,23:35:49,-07:00,2026-04-01T23:35:49-07:00,4,30
projects/index.html,14,html,22fa8d39,brianzliu,2026-04-10,20:53:47,-07:00,2026-04-10T20:53:47-07:00,4,47
projects/index.html,15,html,6e86d3ae,brianzliu,2026-04-01,23:35:49,-07:00,2026-04-01T23:35:49-07:00,4,39
projects/index.html,16,html,6e86d3ae,brianzliu,2026-04-01,23:35:49,-07:00,2026-04-01T23:35:49-07:00,4,41
projects/index.html,17,html,6e86d3ae,brianzliu,2026-04-01,23:35:49,-07:00,2026-04-01T23:35:49-07:00,4,64
projects/index.html,18,html,8242ab7c,brianzliu,2026-04-17,15:30:04,-07:00,2026-04-17T15:30:04-07:00,2,8
projects/index.html,19,html,8242ab7c,brianzliu,2026-04-17,15:30:04,-07:00,2026-04-17T15:30:04-07:00,0,0
projects/index.html,20,html,85fdd084,brianzliu,2026-04-24,20:15:48,-07:00,2026-04-24T20:15:48-07:00,2,38
projects/index.html,21,html,ea1ce0f2,brianzliu,2026-05-01,23:28:04,-07:00,2026-05-01T23:28:04-07:00,0,0
projects/index.html,22,html,ea1ce0f2,brianzliu,2026-05-01,23:28:04,-07:00,2026-05-01T23:28:04-07:00,2,21
projects/index.html,23,html,ea1ce0f2,brianzliu,2026-05-01,23:28:04,-07:00,2026-05-01T23:28:04-07:00,4,54
projects/index.html,24,html,ea1ce0f2,brianzliu,2026-05-01,23:28:04,-07:00,2026-05-01T23:28:04-07:00,4,22
projects/index.html,25,html,ea1ce0f2,brianzliu,2026-05-01,23:28:04,-07:00,2026-05-01T23:28:04-07:00,2,4
projects/index.html,26,html,ea1ce0f2,brianzliu,2026-05-01,23:28:04,-07:00,2026-05-01T23:28:04-07:00,0,0
projects/index.html,27,html,ea1ce0f2,brianzliu,2026-05-01,23:28:04,-07:00,2026-05-01T23:28:04-07:00,2,4
projects/index.html,28,html,ea1ce0f2,brianzliu,2026-05-01,23:28:04,-07:00,2026-05-01T23:28:04-07:00,4,15
projects/index.html,29,html,ea1ce0f2,brianzliu,2026-05-01,23:28:04,-07:00,2026-05-01T23:28:04-07:00,4,11
projects/index.html,30,html,ea1ce0f2,brianzliu,2026-05-01,23:28:04,-07:00,2026-05-01T23:28:04-07:00,4,26
projects/index.html,31,html,ea1ce0f2,brianzliu,2026-05-01,23:28:04,-07:00,2026-05-01T23:28:04-07:00,4,31
projects/index.html,32,html,ea1ce0f2,brianzliu,2026-05-01,23:28:04,-07:00,2026-05-01T23:28:04-07:00,2,0
projects/index.html,33,html,ea1ce0f2,brianzliu,2026-05-01,23:28:04,-07:00,2026-05-01T23:28:04-07:00,0,0
projects/index.html,34,html,ea1ce0f2,brianzliu,2026-05-01,23:28:04,-07:00,2026-05-01T23:28:04-07:00,0,0
projects/index.html,35,html,22fa8d39,brianzliu,2026-04-10,20:53:47,-07:00,2026-04-10T20:53:47-07:00,2,20
projects/index.html,36,html,85fdd084,brianzliu,2026-04-24,20:15:48,-07:00,2026-04-24T20:15:48-07:00,4,12
projects/index.html,37,html,22fa8d39,brianzliu,2026-04-10,20:53:47,-07:00,2026-04-10T20:53:47-07:00,6,29
projects/index.html,38,html,22fa8d39,brianzliu,2026-04-10,20:53:47,-07:00,2026-04-10T20:53:47-07:00,6,70
projects/index.html,39,html,22fa8d39,brianzliu,2026-04-10,20:53:47,-07:00,2026-04-10T20:53:47-07:00,6,236
projects/index.html,40,html,22fa8d39,brianzliu,2026-04-10,20:53:47,-07:00,2026-04-10T20:53:47-07:00,4,8
projects/index.html,41,html,22fa8d39,brianzliu,2026-04-10,20:53:47,-07:00,2026-04-10T20:53:47-07:00,4,7
projects/index.html,42,html,22fa8d39,brianzliu,2026-04-10,20:53:47,-07:00,2026-04-10T20:53:47-07:00,6,28
projects/index.html,43,html,22fa8d39,brianzliu,2026-04-10,20:53:47,-07:00,2026-04-10T20:53:47-07:00,6,70
projects/index.html,44,html,22fa8d39,brianzliu,2026-04-10,20:53:47,-07:00,2026-04-10T20:53:47-07:00,6,254
projects/index.html,45,html,22fa8d39,brianzliu,2026-04-10,20:53:47,-07:00,2026-04-10T20:53:47-07:00,4,8
projects/index.html,46,html,22fa8d39,brianzliu,2026-04-10,20:53:47,-07:00,2026-04-10T20:53:47-07:00,4,7
projects/index.html,47,html,22fa8d39,brianzliu,2026-04-10,20:53:47,-07:00,2026-04-10T20:53:47-07:00,6,46
projects/index.html,48,html,22fa8d39,brianzliu,2026-04-10,20:53:47,-07:00,2026-04-10T20:53:47-07:00,6,70
projects/index.html,49,html,22fa8d39,brianzliu,2026-04-10,20:53:47,-07:00,2026-04-10T20:53:47-07:00,6,214
projects/index.html,50,html,22fa8d39,brianzliu,2026-04-10,20:53:47,-07:00,2026-04-10T20:53:47-07:00,4,8
projects/index.html,51,html,22fa8d39,brianzliu,2026-04-10,20:53:47,-07:00,2026-04-10T20:53:47-07:00,4,7
projects/index.html,52,html,22fa8d39,brianzliu,2026-04-10,20:53:47,-07:00,2026-04-10T20:53:47-07:00,6,36
projects/index.html,53,html,22fa8d39,brianzliu,2026-04-10,20:53:47,-07:00,2026-04-10T20:53:47-07:00,6,70
projects/index.html,54,html,22fa8d39,brianzliu,2026-04-10,20:53:47,-07:00,2026-04-10T20:53:47-07:00,6,217
projects/index.html,55,html,22fa8d39,brianzliu,2026-04-10,20:53:47,-07:00,2026-04-10T20:53:47-07:00,4,8
projects/index.html,56,html,22fa8d39,brianzliu,2026-04-10,20:53:47,-07:00,2026-04-10T20:53:47-07:00,4,7
projects/index.html,57,html,22fa8d39,brianzliu,2026-04-10,20:53:47,-07:00,2026-04-10T20:53:47-07:00,6,36
projects/index.html,58,html,22fa8d39,brianzliu,2026-04-10,20:53:47,-07:00,2026-04-10T20:53:47-07:00,6,70
projects/index.html,59,html,22fa8d39,brianzliu,2026-04-10,20:53:47,-07:00,2026-04-10T20:53:47-07:00,6,254
projects/index.html,60,html,22fa8d39,brianzliu,2026-04-10,20:53:47,-07:00,2026-04-10T20:53:47-07:00,4,8
projects/index.html,61,html,22fa8d39,brianzliu,2026-04-10,20:53:47,-07:00,2026-04-10T20:53:47-07:00,4,7
projects/index.html,62,html,22fa8d39,brianzliu,2026-04-10,20:53:47,-07:00,2026-04-10T20:53:47-07:00,6,30
projects/index.html,63,html,22fa8d39,brianzliu,2026-04-10,20:53:47,-07:00,2026-04-10T20:53:47-07:00,6,70
projects/index.html,64,html,22fa8d39,brianzliu,2026-04-10,20:53:47,-07:00,2026-04-10T20:53:47-07:00,6,247
projects/index.html,65,html,22fa8d39,brianzliu,2026-04-10,20:53:47,-07:00,2026-04-10T20:53:47-07:00,4,8
projects/index.html,66,html,22fa8d39,brianzliu,2026-04-10,20:53:47,-07:00,2026-04-10T20:53:47-07:00,4,7
projects/index.html,67,html,22fa8d39,brianzliu,2026-04-10,20:53:47,-07:00,2026-04-10T20:53:47-07:00,6,37
projects/index.html,68,html,22fa8d39,brianzliu,2026-04-10,20:53:47,-07:00,2026-04-10T20:53:47-07:00,6,70
projects/index.html,69,html,22fa8d39,brianzliu,2026-04-10,20:53:47,-07:00,2026-04-10T20:53:47-07:00,6,235
projects/index.html,70,html,22fa8d39,brianzliu,2026-04-10,20:53:47,-07:00,2026-04-10T20:53:47-07:00,4,8
projects/index.html,71,html,22fa8d39,brianzliu,2026-04-10,20:53:47,-07:00,2026-04-10T20:53:47-07:00,4,7
projects/index.html,72,html,22fa8d39,brianzliu,2026-04-10,20:53:47,-07:00,2026-04-10T20:53:47-07:00,6,28
projects/index.html,73,html,22fa8d39,brianzliu,2026-04-10,20:53:47,-07:00,2026-04-10T20:53:47-07:00,6,70
projects/index.html,74,html,22fa8d39,brianzliu,2026-04-10,20:53:47,-07:00,2026-04-10T20:53:47-07:00,6,215
projects/index.html,75,html,22fa8d39,brianzliu,2026-04-10,20:53:47,-07:00,2026-04-10T20:53:47-07:00,4,8
projects/index.html,76,html,22fa8d39,brianzliu,2026-04-10,20:53:47,-07:00,2026-04-10T20:53:47-07:00,4,7
projects/index.html,77,html,22fa8d39,brianzliu,2026-04-10,20:53:47,-07:00,2026-04-10T20:53:47-07:00,6,34
projects/index.html,78,html,22fa8d39,brianzliu,2026-04-10,20:53:47,-07:00,2026-04-10T20:53:47-07:00,6,70
projects/index.html,79,html,22fa8d39,brianzliu,2026-04-10,20:53:47,-07:00,2026-04-10T20:53:47-07:00,6,227
projects/index.html,80,html,22fa8d39,brianzliu,2026-04-10,20:53:47,-07:00,2026-04-10T20:53:47-07:00,4,8
projects/index.html,81,html,22fa8d39,brianzliu,2026-04-10,20:53:47,-07:00,2026-04-10T20:53:47-07:00,4,7
projects/index.html,82,html,22fa8d39,brianzliu,2026-04-10,20:53:47,-07:00,2026-04-10T20:53:47-07:00,6,34
projects/index.html,83,html,22fa8d39,brianzliu,2026-04-10,20:53:47,-07:00,2026-04-10T20:53:47-07:00,6,70
projects/index.html,84,html,22fa8d39,brianzliu,2026-04-10,20:53:47,-07:00,2026-04-10T20:53:47-07:00,6,217
projects/index.html,85,html,22fa8d39,brianzliu,2026-04-10,20:53:47,-07:00,2026-04-10T20:53:47-07:00,4,8
projects/index.html,86,html,22fa8d39,brianzliu,2026-04-10,20:53:47,-07:00,2026-04-10T20:53:47-07:00,4,7
projects/index.html,87,html,22fa8d39,brianzliu,2026-04-10,20:53:47,-07:00,2026-04-10T20:53:47-07:00,6,37
projects/index.html,88,html,22fa8d39,brianzliu,2026-04-10,20:53:47,-07:00,2026-04-10T20:53:47-07:00,6,70
projects/index.html,89,html,22fa8d39,brianzliu,2026-04-10,20:53:47,-07:00,2026-04-10T20:53:47-07:00,6,238
projects/index.html,90,html,22fa8d39,brianzliu,2026-04-10,20:53:47,-07:00,2026-04-10T20:53:47-07:00,4,8
projects/index.html,91,html,22fa8d39,brianzliu,2026-04-10,20:53:47,-07:00,2026-04-10T20:53:47-07:00,4,7
projects/index.html,92,html,22fa8d39,brianzliu,2026-04-10,20:53:47,-07:00,2026-04-10T20:53:47-07:00,6,41
projects/index.html,93,html,22fa8d39,brianzliu,2026-04-10,20:53:47,-07:00,2026-04-10T20:53:47-07:00,6,70
projects/index.html,94,html,22fa8d39,brianzliu,2026-04-10,20:53:47,-07:00,2026-04-10T20:53:47-07:00,6,261
projects/index.html,95,html,85fdd084,brianzliu,2026-04-24,20:15:48,-07:00,2026-04-24T20:15:48-07:00,4,12
projects/index.html,96,html,22fa8d39,brianzliu,2026-04-10,20:53:47,-07:00,2026-04-10T20:53:47-07:00,2,4
projects/index.html,97,html,8242ab7c,brianzliu,2026-04-17,15:30:04,-07:00,2026-04-17T15:30:04-07:00,0,0
projects/index.html,98,html,85fdd084,brianzliu,2026-04-24,20:15:48,-07:00,2026-04-24T20:15:48-07:00,2,0
projects/index.html,99,html,85fdd084,brianzliu,2026-04-24,20:15:48,-07:00,2026-04-24T20:15:48-07:00,2,0
projects/index.html,100,html,6e86d3ae,brianzliu,2026-04-01,23:35:49,-07:00,2026-04-01T23:35:49-07:00,0,5
projects/index.html,101,html,6e86d3ae,brianzliu,2026-04-01,23:35:49,-07:00,2026-04-01T23:35:49-07:00,0,5
contact/index.html,1,html,6e86d3ae,brianzliu,2026-04-01,23:35:49,-07:00,2026-04-01T23:35:49-07:00,0,13
contact/index.html,2,html,6e86d3ae,brianzliu,2026-04-01,23:35:49,-07:00,2026-04-01T23:35:49-07:00,0,14
contact/index.html,3,html,6e86d3ae,brianzliu,2026-04-01,23:35:49,-07:00,2026-04-01T23:35:49-07:00,0,4
contact/index.html,4,html,6e86d3ae,brianzliu,2026-04-01,23:35:49,-07:00,2026-04-01T23:35:49-07:00,2,20
contact/index.html,5,html,6e86d3ae,brianzliu,2026-04-01,23:35:49,-07:00,2026-04-01T23:35:49-07:00,2,68
contact/index.html,6,html,6e86d3ae,brianzliu,2026-04-01,23:35:49,-07:00,2026-04-01T23:35:49-07:00,2,20
contact/index.html,7,html,6e86d3ae,brianzliu,2026-04-01,23:35:49,-07:00,2026-04-01T23:35:49-07:00,2,41
contact/index.html,8,html,6e86d3ae,brianzliu,2026-04-01,23:35:49,-07:00,2026-04-01T23:35:49-07:00,0,5
contact/index.html,9,html,6e86d3ae,brianzliu,2026-04-01,23:35:49,-07:00,2026-04-01T23:35:49-07:00,0,4
contact/index.html,10,html,8242ab7c,brianzliu,2026-04-17,15:30:04,-07:00,2026-04-17T15:30:04-07:00,2,8
contact/index.html,11,html,6e86d3ae,brianzliu,2026-04-01,23:35:49,-07:00,2026-04-01T23:35:49-07:00,4,30
contact/index.html,12,html,6e86d3ae,brianzliu,2026-04-01,23:35:49,-07:00,2026-04-01T23:35:49-07:00,4,43
contact/index.html,13,html,6e86d3ae,brianzliu,2026-04-01,23:35:49,-07:00,2026-04-01T23:35:49-07:00,4,39
contact/index.html,14,html,22fa8d39,brianzliu,2026-04-10,20:53:47,-07:00,2026-04-10T20:53:47-07:00,4,46
contact/index.html,15,html,6e86d3ae,brianzliu,2026-04-01,23:35:49,-07:00,2026-04-01T23:35:49-07:00,4,64
contact/index.html,16,html,8242ab7c,brianzliu,2026-04-17,15:30:04,-07:00,2026-04-17T15:30:04-07:00,2,8
contact/index.html,17,html,8242ab7c,brianzliu,2026-04-17,15:30:04,-07:00,2026-04-17T15:30:04-07:00,0,0
contact/index.html,18,html,8242ab7c,brianzliu,2026-04-17,15:30:04,-07:00,2026-04-17T15:30:04-07:00,0,0
contact/index.html,19,html,22fa8d39,brianzliu,2026-04-10,20:53:47,-07:00,2026-04-10T20:53:47-07:00,2,17
contact/index.html,20,html,6e86d3ae,brianzliu,2026-04-01,23:35:49,-07:00,2026-04-01T23:35:49-07:00,2,71
contact/index.html,21,html,6e86d3ae,brianzliu,2026-04-01,23:35:49,-07:00,2026-04-01T23:35:49-07:00,4,17
contact/index.html,22,html,6e86d3ae,brianzliu,2026-04-01,23:35:49,-07:00,2026-04-01T23:35:49-07:00,6,4
contact/index.html,23,html,6e86d3ae,brianzliu,2026-04-01,23:35:49,-07:00,2026-04-01T23:35:49-07:00,6,42
contact/index.html,24,html,6e86d3ae,brianzliu,2026-04-01,23:35:49,-07:00,2026-04-01T23:35:49-07:00,4,6
contact/index.html,25,html,6e86d3ae,brianzliu,2026-04-01,23:35:49,-07:00,2026-04-01T23:35:49-07:00,4,19
contact/index.html,26,html,6e86d3ae,brianzliu,2026-04-01,23:35:49,-07:00,2026-04-01T23:35:49-07:00,6,6
contact/index.html,27,html,6e86d3ae,brianzliu,2026-04-01,23:35:49,-07:00,2026-04-01T23:35:49-07:00,6,33
contact/index.html,28,html,6e86d3ae,brianzliu,2026-04-01,23:35:49,-07:00,2026-04-01T23:35:49-07:00,4,6
contact/index.html,29,html,6e86d3ae,brianzliu,2026-04-01,23:35:49,-07:00,2026-04-01T23:35:49-07:00,4,16
contact/index.html,30,html,6e86d3ae,brianzliu,2026-04-01,23:35:49,-07:00,2026-04-01T23:35:49-07:00,6,3
contact/index.html,31,html,6e86d3ae,brianzliu,2026-04-01,23:35:49,-07:00,2026-04-01T23:35:49-07:00,6,41
contact/index.html,32,html,6e86d3ae,brianzliu,2026-04-01,23:35:49,-07:00,2026-04-01T23:35:49-07:00,4,6
contact/index.html,33,html,6e86d3ae,brianzliu,2026-04-01,23:35:49,-07:00,2026-04-01T23:35:49-07:00,0,0
contact/index.html,34,html,22fa8d39,brianzliu,2026-04-10,20:53:47,-07:00,2026-04-10T20:53:47-07:00,4,19
contact/index.html,35,html,6e86d3ae,brianzliu,2026-04-01,23:35:49,-07:00,2026-04-01T23:35:49-07:00,2,5
contact/index.html,36,html,8242ab7c,brianzliu,2026-04-17,15:30:04,-07:00,2026-04-17T15:30:04-07:00,0,0
contact/index.html,37,html,8242ab7c,brianzliu,2026-04-17,15:30:04,-07:00,2026-04-17T15:30:04-07:00,0,0
contact/index.html,38,html,8242ab7c,brianzliu,2026-04-17,15:30:04,-07:00,2026-04-17T15:30:04-07:00,0,0
contact/index.html,39,html,8242ab7c,brianzliu,2026-04-17,15:30:04,-07:00,2026-04-17T15:30:04-07:00,2,48
contact/index.html,40,html,6e86d3ae,brianzliu,2026-04-01,23:35:49,-07:00,2026-04-01T23:35:49-07:00,0,5
contact/index.html,41,html,6e86d3ae,brianzliu,2026-04-01,23:35:49,-07:00,2026-04-01T23:35:49-07:00,0,5
